cou,sou,type
1,1,来源文献
2,1,来源文献
3,1,来源文献
4,1,来源文献
5,1,来源文献
6,1,来源文献
7,1,来源文献
8,1,来源文献
9,1,来源文献
10,1,来源文献
11,1,来源文献
12,1,来源文献
13,1,来源文献
14,1,来源文献
15,1,来源文献
16,1,来源文献
17,1,来源文献
18,1,来源文献
19,1,来源文献
20,1,来源文献
21,1,来源文献
22,1,来源文献
23,1,来源文献
24,1,来源文献
25,1,来源文献
26,1,来源文献
27,1,来源文献
28,1,来源文献
29,1,来源文献
30,1,来源文献
31,1,来源文献
32,1,来源文献
33,1,来源文献
34,1,来源文献
35,1,来源文献
36,1,来源文献
37,1,来源文献
38,1,来源文献
39,1,来源文献
40,1,来源文献
41,1,来源文献
42,1,来源文献
43,1,来源文献
44,1,来源文献
45,1,来源文献
46,1,来源文献
47,1,来源文献
48,1,来源文献
49,1,来源文献
50,1,来源文献
51,1,来源文献
52,1,来源文献
53,10,来源文献
54,10,来源文献
55,10,来源文献
56,10,来源文献
57,10,来源文献
58,10,来源文献
59,10,来源文献
60,10,来源文献
61,10,来源文献
62,10,来源文献
63,10,来源文献
64,10,来源文献
65,10,来源文献
66,10,来源文献
67,10,来源文献
68,10,来源文献
69,10,来源文献
70,10,来源文献
71,10,来源文献
72,10,来源文献
73,10,来源文献
74,10,来源文献
75,10,来源文献
76,10,来源文献
77,10,来源文献
78,11,来源文献
79,11,来源文献
80,11,来源文献
81,11,来源文献
82,12,来源文献
83,12,来源文献
84,12,来源文献
85,12,来源文献
86,12,来源文献
87,12,来源文献
88,12,来源文献
89,12,来源文献
90,12,来源文献
91,12,来源文献
92,12,来源文献
93,12,来源文献
94,12,来源文献
95,12,来源文献
96,12,来源文献
97,12,来源文献
98,12,来源文献
99,12,来源文献
100,12,来源文献
101,13,来源文献
102,13,来源文献
103,13,来源文献
104,13,来源文献
105,13,来源文献
106,13,来源文献
107,13,来源文献
108,13,来源文献
109,13,来源文献
110,13,来源文献
111,13,来源文献
112,13,来源文献
113,13,来源文献
114,13,来源文献
115,13,来源文献
116,13,来源文献
117,13,来源文献
118,13,来源文献
119,13,来源文献
120,13,来源文献
121,13,来源文献
122,13,来源文献
123,13,来源文献
124,13,来源文献
125,14,来源文献
126,14,来源文献
127,14,来源文献
128,14,来源文献
129,14,来源文献
130,14,来源文献
131,14,来源文献
132,15,来源文献
133,15,来源文献
134,15,来源文献
135,15,来源文献
136,15,来源文献
137,15,来源文献
138,15,来源文献
139,16,来源文献
140,16,来源文献
141,16,来源文献
142,16,来源文献
143,16,来源文献
144,16,来源文献
145,16,来源文献
146,16,来源文献
147,16,来源文献
148,16,来源文献
149,16,来源文献
150,16,来源文献
151,16,来源文献
152,16,来源文献
153,16,来源文献
154,16,来源文献
155,16,来源文献
156,16,来源文献
157,16,来源文献
158,16,来源文献
159,16,来源文献
160,16,来源文献
161,16,来源文献
162,16,来源文献
163,16,来源文献
164,16,来源文献
165,16,来源文献
166,16,来源文献
167,16,来源文献
168,16,来源文献
169,16,来源文献
170,16,来源文献
171,16,来源文献
172,16,来源文献
173,16,来源文献
174,16,来源文献
175,16,来源文献
176,17,来源文献
177,17,来源文献
178,17,来源文献
179,17,来源文献
180,18,来源文献
181,18,来源文献
182,18,来源文献
183,18,来源文献
184,18,来源文献
185,18,来源文献
186,18,来源文献
187,18,来源文献
188,18,来源文献
189,18,来源文献
190,18,来源文献
191,18,来源文献
192,18,来源文献
193,18,来源文献
194,18,来源文献
195,18,来源文献
196,18,来源文献
197,18,来源文献
198,18,来源文献
199,18,来源文献
200,18,来源文献
201,18,来源文献
202,18,来源文献
203,18,来源文献
204,18,来源文献
205,18,来源文献
206,18,来源文献
207,18,来源文献
208,18,来源文献
209,18,来源文献
210,18,来源文献
211,18,来源文献
212,18,来源文献
213,18,来源文献
214,18,来源文献
215,18,来源文献
216,18,来源文献
217,18,来源文献
218,18,来源文献
219,18,来源文献
220,18,来源文献
221,18,来源文献
222,18,来源文献
223,18,来源文献
224,18,来源文献
225,18,来源文献
226,19,来源文献
227,19,来源文献
228,19,来源文献
229,19,来源文献
230,19,来源文献
231,19,来源文献
232,19,来源文献
233,19,来源文献
234,19,来源文献
235,19,来源文献
236,19,来源文献
237,19,来源文献
238,19,来源文献
239,19,来源文献
240,19,来源文献
241,19,来源文献
242,19,来源文献
243,19,来源文献
244,19,来源文献
245,19,来源文献
246,19,来源文献
247,19,来源文献
248,19,来源文献
249,2,来源文献
250,2,来源文献
251,2,来源文献
252,2,来源文献
253,2,来源文献
254,2,来源文献
255,2,来源文献
256,2,来源文献
257,2,来源文献
258,20,来源文献
259,20,来源文献
260,20,来源文献
261,20,来源文献
262,20,来源文献
263,20,来源文献
264,20,来源文献
265,20,来源文献
266,20,来源文献
267,20,来源文献
268,20,来源文献
269,20,来源文献
270,20,来源文献
271,20,来源文献
272,20,来源文献
273,20,来源文献
274,21,来源文献
275,21,来源文献
276,21,来源文献
277,21,来源文献
278,21,来源文献
279,21,来源文献
280,21,来源文献
281,21,来源文献
282,21,来源文献
283,21,来源文献
284,21,来源文献
285,21,来源文献
286,21,来源文献
287,21,来源文献
288,21,来源文献
289,21,来源文献
290,21,来源文献
291,22,来源文献
292,22,来源文献
293,22,来源文献
294,23,来源文献
295,23,来源文献
296,23,来源文献
297,23,来源文献
298,23,来源文献
299,23,来源文献
300,23,来源文献
301,23,来源文献
302,23,来源文献
303,23,来源文献
304,23,来源文献
305,23,来源文献
306,23,来源文献
307,23,来源文献
308,23,来源文献
309,23,来源文献
310,23,来源文献
311,24,来源文献
312,24,来源文献
313,24,来源文献
314,24,来源文献
315,24,来源文献
316,24,来源文献
317,24,来源文献
318,24,来源文献
319,24,来源文献
320,24,来源文献
321,24,来源文献
322,24,来源文献
323,24,来源文献
324,25,来源文献
325,25,来源文献
326,25,来源文献
327,25,来源文献
328,25,来源文献
329,25,来源文献
330,25,来源文献
331,25,来源文献
332,25,来源文献
333,26,来源文献
334,26,来源文献
335,26,来源文献
336,26,来源文献
337,26,来源文献
338,26,来源文献
339,26,来源文献
340,26,来源文献
341,26,来源文献
342,26,来源文献
343,26,来源文献
344,26,来源文献
354,28,来源文献
355,28,来源文献
357,28,来源文献
358,28,来源文献
359,28,来源文献
361,28,来源文献
362,28,来源文献
364,28,来源文献
365,28,来源文献
368,28,来源文献
369,28,来源文献
370,28,来源文献
371,28,来源文献
372,28,来源文献
373,28,来源文献
374,28,来源文献
376,28,来源文献
377,28,来源文献
378,28,来源文献
379,28,来源文献
380,28,来源文献
381,28,来源文献
383,28,来源文献
384,28,来源文献
385,28,来源文献
387,28,来源文献
388,28,来源文献
389,28,来源文献
390,28,来源文献
391,28,来源文献
392,28,来源文献
393,28,来源文献
394,28,来源文献
396,28,来源文献
397,28,来源文献
399,28,来源文献
400,28,来源文献
401,28,来源文献
402,28,来源文献
403,28,来源文献
404,28,来源文献
405,28,来源文献
407,28,来源文献
408,28,来源文献
409,28,来源文献
410,28,来源文献
412,28,来源文献
413,28,来源文献
414,28,来源文献
415,3,来源文献
416,3,来源文献
417,3,来源文献
418,3,来源文献
419,3,来源文献
420,3,来源文献
421,3,来源文献
422,3,来源文献
423,3,来源文献
424,3,来源文献
425,30,来源文献
426,30,来源文献
427,30,来源文献
428,30,来源文献
429,30,来源文献
430,30,来源文献
431,30,来源文献
433,30,来源文献
434,30,来源文献
435,30,来源文献
436,30,来源文献
437,30,来源文献
439,30,来源文献
440,30,来源文献
441,30,来源文献
442,30,来源文献
443,30,来源文献
444,30,来源文献
445,30,来源文献
446,30,来源文献
447,30,来源文献
448,31,来源文献
449,31,来源文献
450,31,来源文献
451,31,来源文献
452,31,来源文献
453,31,来源文献
454,31,来源文献
455,31,来源文献
456,31,来源文献
457,31,来源文献
458,31,来源文献
459,31,来源文献
460,31,来源文献
461,31,来源文献
462,31,来源文献
463,31,来源文献
464,31,来源文献
465,31,来源文献
466,31,来源文献
467,31,来源文献
468,31,来源文献
469,31,来源文献
470,31,来源文献
471,31,来源文献
472,31,来源文献
473,31,来源文献
474,31,来源文献
475,31,来源文献
476,31,来源文献
477,31,来源文献
478,31,来源文献
479,31,来源文献
480,31,来源文献
481,31,来源文献
482,31,来源文献
483,31,来源文献
484,31,来源文献
485,31,来源文献
486,31,来源文献
487,31,来源文献
488,31,来源文献
489,31,来源文献
490,31,来源文献
491,31,来源文献
492,31,来源文献
493,31,来源文献
494,31,来源文献
495,31,来源文献
496,31,来源文献
497,31,来源文献
498,31,来源文献
499,31,来源文献
500,31,来源文献
501,31,来源文献
502,31,来源文献
503,31,来源文献
504,31,来源文献
505,31,来源文献
506,31,来源文献
507,31,来源文献
508,31,来源文献
509,31,来源文献
510,31,来源文献
511,32,来源文献
512,32,来源文献
513,32,来源文献
514,32,来源文献
515,32,来源文献
516,32,来源文献
517,32,来源文献
518,32,来源文献
519,33,来源文献
520,33,来源文献
521,33,来源文献
522,33,来源文献
523,33,来源文献
524,33,来源文献
525,33,来源文献
526,33,来源文献
527,33,来源文献
528,33,来源文献
529,33,来源文献
530,33,来源文献
531,33,来源文献
532,33,来源文献
533,33,来源文献
534,33,来源文献
535,33,来源文献
536,33,来源文献
537,33,来源文献
538,33,来源文献
539,33,来源文献
540,33,来源文献
541,33,来源文献
542,33,来源文献
543,33,来源文献
544,33,来源文献
545,33,来源文献
546,33,来源文献
547,33,来源文献
548,33,来源文献
549,33,来源文献
550,33,来源文献
551,33,来源文献
552,33,来源文献
553,33,来源文献
554,33,来源文献
555,33,来源文献
556,33,来源文献
557,33,来源文献
558,33,来源文献
559,33,来源文献
560,33,来源文献
561,33,来源文献
562,33,来源文献
563,33,来源文献
564,33,来源文献
565,33,来源文献
566,34,来源文献
567,34,来源文献
568,34,来源文献
569,34,来源文献
570,34,来源文献
571,35,来源文献
572,35,来源文献
573,35,来源文献
574,36,来源文献
575,36,来源文献
576,36,来源文献
577,36,来源文献
578,36,来源文献
579,36,来源文献
580,36,来源文献
581,36,来源文献
582,36,来源文献
583,38,来源文献
584,38,来源文献
585,38,来源文献
586,38,来源文献
587,38,来源文献
588,38,来源文献
589,38,来源文献
590,38,来源文献
591,38,来源文献
592,38,来源文献
593,38,来源文献
594,38,来源文献
595,38,来源文献
596,38,来源文献
597,38,来源文献
598,38,来源文献
599,38,来源文献
600,38,来源文献
601,38,来源文献
602,38,来源文献
603,38,来源文献
604,38,来源文献
605,38,来源文献
606,38,来源文献
607,38,来源文献
608,38,来源文献
609,38,来源文献
610,38,来源文献
611,38,来源文献
612,38,来源文献
613,38,来源文献
614,38,来源文献
615,38,来源文献
616,38,来源文献
617,38,来源文献
618,38,来源文献
619,38,来源文献
620,38,来源文献
621,38,来源文献
622,38,来源文献
623,38,来源文献
624,38,来源文献
625,38,来源文献
626,38,来源文献
627,38,来源文献
628,39,来源文献
629,39,来源文献
630,39,来源文献
631,39,来源文献
632,39,来源文献
633,39,来源文献
634,39,来源文献
635,39,来源文献
636,39,来源文献
637,39,来源文献
638,39,来源文献
639,39,来源文献
640,39,来源文献
641,39,来源文献
642,39,来源文献
643,4,来源文献
644,4,来源文献
645,4,来源文献
646,4,来源文献
647,4,来源文献
648,4,来源文献
649,4,来源文献
650,4,来源文献
651,4,来源文献
652,4,来源文献
653,4,来源文献
654,4,来源文献
655,4,来源文献
656,4,来源文献
657,4,来源文献
658,4,来源文献
659,4,来源文献
660,4,来源文献
661,4,来源文献
662,4,来源文献
663,4,来源文献
664,4,来源文献
665,4,来源文献
666,4,来源文献
667,40,来源文献
668,40,来源文献
669,40,来源文献
670,40,来源文献
671,40,来源文献
672,40,来源文献
673,40,来源文献
674,40,来源文献
675,40,来源文献
676,41,来源文献
677,41,来源文献
678,41,来源文献
679,41,来源文献
680,41,来源文献
681,41,来源文献
682,41,来源文献
683,42,来源文献
684,42,来源文献
685,42,来源文献
686,42,来源文献
687,42,来源文献
688,42,来源文献
689,42,来源文献
690,42,来源文献
691,42,来源文献
692,42,来源文献
693,42,来源文献
694,42,来源文献
695,42,来源文献
696,42,来源文献
697,42,来源文献
698,42,来源文献
699,42,来源文献
700,42,来源文献
701,42,来源文献
702,42,来源文献
703,42,来源文献
704,42,来源文献
705,43,来源文献
706,43,来源文献
707,43,来源文献
708,44,来源文献
709,44,来源文献
710,44,来源文献
711,44,来源文献
712,44,来源文献
713,44,来源文献
714,44,来源文献
715,44,来源文献
716,44,来源文献
717,44,来源文献
718,45,来源文献
719,45,来源文献
720,45,来源文献
721,45,来源文献
722,45,来源文献
723,46,来源文献
724,46,来源文献
725,46,来源文献
726,46,来源文献
727,46,来源文献
728,46,来源文献
729,46,来源文献
730,46,来源文献
731,46,来源文献
732,46,来源文献
733,46,来源文献
734,46,来源文献
735,46,来源文献
736,46,来源文献
737,46,来源文献
738,46,来源文献
739,46,来源文献
740,46,来源文献
741,46,来源文献
742,46,来源文献
743,46,来源文献
744,46,来源文献
745,46,来源文献
746,46,来源文献
747,46,来源文献
748,46,来源文献
749,46,来源文献
750,46,来源文献
751,46,来源文献
753,47,来源文献
755,47,来源文献
756,47,来源文献
757,47,来源文献
758,47,来源文献
759,47,来源文献
760,47,来源文献
761,47,来源文献
762,47,来源文献
763,47,来源文献
764,47,来源文献
765,47,来源文献
766,47,来源文献
767,47,来源文献
768,47,来源文献
769,47,来源文献
770,47,来源文献
772,47,来源文献
773,47,来源文献
774,47,来源文献
775,47,来源文献
776,47,来源文献
777,48,来源文献
778,48,来源文献
779,48,来源文献
780,49,来源文献
781,49,来源文献
782,49,来源文献
783,49,来源文献
784,49,来源文献
785,49,来源文献
786,49,来源文献
788,49,来源文献
790,49,来源文献
791,49,来源文献
793,50,来源文献
794,50,来源文献
795,50,来源文献
796,50,来源文献
797,50,来源文献
799,50,来源文献
800,50,来源文献
801,50,来源文献
802,51,来源文献
803,51,来源文献
804,51,来源文献
805,51,来源文献
806,51,来源文献
807,51,来源文献
809,52,来源文献
810,52,来源文献
811,52,来源文献
812,52,来源文献
813,6,来源文献
814,6,来源文献
815,6,来源文献
816,6,来源文献
817,6,来源文献
819,63,来源文献
820,63,来源文献
821,63,来源文献
822,63,来源文献
823,63,来源文献
824,63,来源文献
825,63,来源文献
826,63,来源文献
827,63,来源文献
828,63,来源文献
829,65,来源文献
830,65,来源文献
831,65,来源文献
832,65,来源文献
833,65,来源文献
834,65,来源文献
835,65,来源文献
836,65,来源文献
837,66,来源文献
838,66,来源文献
839,66,来源文献
840,66,来源文献
841,66,来源文献
842,66,来源文献
843,66,来源文献
844,66,来源文献
845,66,来源文献
846,66,来源文献
847,66,来源文献
848,66,来源文献
849,66,来源文献
851,66,来源文献
852,66,来源文献
853,66,来源文献
854,66,来源文献
855,66,来源文献
856,66,来源文献
857,66,来源文献
859,66,来源文献
860,66,来源文献
861,67,来源文献
862,67,来源文献
863,67,来源文献
864,67,来源文献
865,67,来源文献
866,67,来源文献
867,67,来源文献
868,67,来源文献
869,67,来源文献
870,67,来源文献
871,67,来源文献
872,67,来源文献
873,67,来源文献
874,67,来源文献
877,67,来源文献
878,67,来源文献
879,67,来源文献
880,67,来源文献
881,7,来源文献
883,7,来源文献
884,7,来源文献
885,7,来源文献
886,7,来源文献
887,7,来源文献
888,7,来源文献
889,7,来源文献
890,7,来源文献
891,7,来源文献
892,7,来源文献
893,7,来源文献
894,7,来源文献
895,7,来源文献
896,7,来源文献
897,7,来源文献
898,7,来源文献
899,7,来源文献
900,8,来源文献
904,9,来源文献
905,9,来源文献
906,9,来源文献
907,9,来源文献
908,9,来源文献
909,9,来源文献
910,9,来源文献
911,9,来源文献
912,9,来源文献
913,9,来源文献
914,9,来源文献
915,9,来源文献
916,9,来源文献
917,9,来源文献
918,9,来源文献
919,9,来源文献
920,9,来源文献
921,9,来源文献
922,9,来源文献
923,9,来源文献
924,9,来源文献
925,9,来源文献
926,9,来源文献
927,9,来源文献
928,9,来源文献
929,9,来源文献
930,9,来源文献
