"id";"year";"content";"number";"hassorted"
1;1784;"自1784年美国商船“中国皇后”号循南中国海到达广州,中美就在南海结下“不解之缘”。";"753";1
2;1842;"美国先于1835年勘探了西沙群岛,后于1842年勘察了南沙群岛。";"336";2
3;1898;"法国对南海的侵犯始于1898年越南殖民政府在西沙建立渔货供应站的企图。";"334";3
4;1901;"日本对南海诸岛的侵犯始于1901年日本商人西泽吉次窃取东沙鸟粪。";"335";4
5;1905;"越南外交学院外交与战略研究所的黄英俊(HoangAnhTun)指出,新近发现的1905年的清朝版图中,并没有包括西沙群岛和南沙群岛。";"112";5
6;1905;"1904、1905年,清政府两次修订《大清天下中华名省府州县厅地理全图》,将代表东沙、西沙群岛的“万里长沙”和代表中沙、南沙群岛和“万里石塘”以“府”的图例标记列入中国版图。";"343";6
7;1925;"1879年版《中国海目录》和1925年版《亚洲航海》都表示太平岛上的水质比其他地方的都要好。";"304";7
8;1929;"包括宋朝和清朝的渔民航海日记中记载的在太平岛上最早的人类活动；世界各地的文件、研究以及调查中关于太平岛上人类活动的记录；1879年版《中国海指南》和1925年版《亚洲航海》把太平岛作为航行据点；清朝开始有人居住太平岛,在太平岛上有墓地、墓碑为证；日本ＲosaPhosphate公司1921-1929年在太平岛上开采鸟粪石等。";"303";8
9;1931;"1931年法国致函中国驻巴黎公使馆,宣称对西沙拥有主权。";"338";9
10;1933;"1930、1932、1933年,法国殖民者先后武力强占南沙南威岛、西沙永兴岛,以及南沙安婆沙洲、双子岛、太平岛、南钥岛、中业岛等多个岛屿和岩礁,摧毁了岛上原有的中国建筑,并赶走岛上的中国渔民。";"337";10
11;1933;"1933年,法国外交部发布占领南沙群岛的公告,将南沙划入越南巴地省管辖。";"340";11
12;1933;"1933年,日本首次宣称对南沙群岛拥有主权。";"341";12
13;1933;"1933年7月发生法国侵占南沙九个小岛(太平岛、南威岛、中业岛、南钥岛、安波沙洲、双子礁等)事件之后,中国官方和民间各界强烈抗议。";"852";13
14;1934;"其后,在1813―1934年间,英国人先后通过测量、调查、命名、勘探矿藏等方式进犯中国南海诸岛34次,侵犯活动遍及东沙、西沙、中沙、南沙四大群岛。";"333";14
15;1935;"“九小岛案”后,民国政府于1933年专门成立了“水陆地图审查委员会”,并于1934年公布了132个南海岛礁的中英地名,于1935年出版了《中国南海各岛屿图》。";"344";15
16;1935;"20世纪上半叶,在全球性的扩大海洋管辖权的历史背景下,中国“水陆地图审查委员会”详细列出了南海的岛、礁、滩、沙,对中、英文地名进行了审定,并于1935年4月出版了《中国南海岛屿图》,确定了中国最南疆域在北纬4度。";"819";16
17;1935;"1935年4月,中国政府水陆地图审查委员会出版的《中国南海岛屿图》,把曾母暗沙标绘在南海岛屿的最南端,大约北纬4度附近。";"826";17
18;1935;"1935年4月,该委员会出版的《水陆地图审查委员会会刊》第1期登载《中国南海各岛屿图》,明确标绘了南海诸岛,将曾姆滩(今曾母暗沙)标在接近北纬4度的位置上,表明中国政府认为其领土最南端至少应在北纬4度。";"853";18
19;1937;"1937年日本侵略军占据东沙。";"342";19
20;1938;"1932年与1938年,法国殖民政府先后两次宣布西沙归属越南承天省。";"339";20
21;1945;"1945年的《开罗宣言》和《波茨坦公告》等国际文件明确规定把被日本窃取的中国领土归还中国,其中即包括南海诸岛。";"127";21
22;1946;"1946年,中国政府派员赴南沙群岛接收,在岛上举行了接收仪式并立碑纪念。";"128";22
23;1946;"1946年,菲律宾基于安全理由首次提出占领南沙群岛的要求。";"146";23
24;1946;"1946年,中国从日本手中夺回被侵占的南海诸岛,并在岛上树立起主权碑。";"571";24
25;1946;"1946年,根据《开罗宣言》和《波茨坦公告》精神,中国内政部委派肖次尹和麦蕴瑜分别为西沙群岛和南沙群岛专员,前往接管西沙群岛和南沙群岛,并在岛上立主权碑。";"829";25
26;1946;"当时的民国政府于1946年10月至12月,对日本侵占的南海诸岛进行接收,进驻主岛,测土定名,树碑立标,恢复行使主权。";"820";26
27;1946;"1.菲律宾独立前后对南沙群岛所属问题充满了矛盾态度,一方面承认南沙群岛为中国领土,另一方面妄图侵占南沙群岛1946年11月,中国国民政府通过绘制地图、公布标准地名、海军巡视等方式,确认南沙群岛归我版图,菲律宾并未提出任何异议。";"648";27
28;1946;"1946年7月23日,刚刚独立的菲律宾政府即表示,出于国家安全的考虑,菲律宾拟将位于巴拉望(Palawan)岛以西200海里处的南沙群岛“纳入国防范围”。";"141";28
29;1947;"1947年,中国内政部重新命定南海诸岛全部岛礁沙滩名称,共119个。";"129";29
30;1947;"二战后中国从日本手中收回南海诸岛后,于1947年正式公布了显示主权的南海11条断续国界线图和相关岛屿名称。";"151";30
31;1947;"经过重新调整核定,1947年国民政府内政部正式公布了南海诸岛的名称,以命名的方式行使对中国南海诸岛的主权。";"821";31
32;1947;"1947年,中国内政部重新命名包括南沙群岛在内的南海诸岛全部岛礁沙滩名称共159个,将南海归入广东省管辖。";"830";32
33;1947;"从现有的资料看,如果从南海断续线最初出现的时间1914年算起,它的存在到今天已经将近100年了,比《联合国海洋法公约》生效时间要早80年,或者,若仅仅从中国政府官方正式公布的时间1947年算起,到今天也已经有65年了,也比《联合国海洋法公约》生效时间早了47年。";"899";33
34;1948;"1948年,中国政府正式公布画有断续线的《南海诸岛位置图》,宣布西沙和南沙归中国所有,当时并无国家提出异议,菲律宾也未曾反对。";"181";34
35;1948;"早在1948年,中国政府就颁布《南海诸岛位置图》,将南沙群岛囊括在内。";"201";35
36;1948;"1948年初,内政部方域司又将此图收入《中华民国行政区域图》公开发行,以向世人公布中国政府对南海诸岛及其附近海域的主权和管辖权范围。";"326";36
37;1948;"南海断续线是中国政府于1948年正式公布的。";"859";37
38;1948;"1948年2月,中国政府首次公开出版发行了《中华民国行政区域图》,在南海海域标绘了上述四组群岛的位置,同样也标绘了十一条断续线。";"822";38
39;1949;"1949年解放后,在中华人民共和国出版的各种地图上,都继续标出这条断续线,以示中国南海疆域的范围。";"327";39
40;1949;"1949年新中国政府对断续线的承继,保持和维护了中国在南海的岛屿主权和相关海洋权益主张的历史连续性和有效性。";"860";40
41;1949;"仅仅以南海断续线为例,1949年之前中国国民政府就已经对南沙群岛等岛礁进行官方正式命名并公布了附有南海断续线的地图,还通过派遣军舰前往南海宣示主权,组织和管理南海渔业等海洋资源的开发利用等多方面的实践,主张中国在南海的权利。";"897";41
42;1949;"1949年之后的中国政府也继承了民国政府的主张,一直在官方地图上继续标示南海断续线,并且也通过立法等多方面的实践,重申和巩固了对南海的权利主张。";"898";42
43;1950;"②1950年,菲律宾总统基季里诺(Quirino)宣称,如果南沙群岛落入敌国手中,将威胁菲律宾的国家安全。";"142";43
44;1950;"1950年1月29日,针对菲律宾制造的“临近原则”,中国外交部发表抗议声明：南中国海的太平岛和南威岛,以及它们附近的一些小岛,统称南沙群岛。";"659";44
45;1950;"1950年5月,菲律宾总统季里诺说：“根据国际公法,该群岛应该属于最邻近的国家,而距离团沙群岛（南沙群岛）最近的国家就是菲律宾。";"650";45
46;1950;"1950年5月19日,中国政府针对菲律宾提出的以“国家安全原则”为借口侵占南沙群岛的图谋,发表强烈声明：“菲律宾挑衅者及其美国支持者必须放弃他们的这种冒险计划,否则必然引起严重的后果。";"658";46
47;1951;"③1951年《旧金山合约》签署后,菲律宾声称,根据该条约有关日本放弃南沙?西沙群岛所有权的规定,④南海有关岛屿已经处于盟军“托管”之下,菲律宾政府及其国民应有权进入这一开放的海域,⑤并以此为由单方面将南沙群岛列入“国防范围”。";"147";47
48;1951;"但新中国成立后,以美国为首的西方国家从反对所谓的“共产主义威胁”出发,在由其主导制定的1951年《旧金山和约》中并没有对此前战时国际文件关于南海诸岛主权归属问题进行追认,而只是模糊地表示日本放弃侵占。";"321";48
49;1951;"实际上,早在1951年的旧金山和会上,日本就已经宣布放弃对南沙和西沙的一切权利。";"680";49
50;1951;"1951年,为了防止中国大陆从中得利,美国在主持草拟、制定、召集《旧金山对日和约》的过程中,都涉及到了西沙和南沙群岛问题,明确规定日本放弃其对西沙和南沙两群岛的“权利、权利根据与要求”,但却没有明确两者的主权归属,也没有明确中国收回主权。";"831";50
51;1951;"1951年2月17日,菲律宾国会通过“领海基线法案”,将黄岩岛和南沙群岛部分岛礁划为菲律宾领土。";"832";51
52;1951;"1951年3月5日,马来西亚总理巴达维登陆南沙群岛的弹丸礁和光星仔礁,以总理兼国防部长的身份宣称马来西亚对这些岛礁拥有“主权”。";"833";52
53;1951;"1951年3月8日,美海军监测船“无瑕”号在中国南海频繁进行非法间谍活动。";"834";53
54;1951;"1951年8月15日,周恩来针对旧金山会议发表声明：“草案又故意规定日本放弃对南威岛和西沙群岛的一切权利而亦不提归还主权问题。";"655";54
55;1951;"1951年9月,在由美英主导的旧金山会议上,对南海诸岛的主权归属问题未给予明确规定,其目的正如美国参谋长联席会议所说：只有如此才能确保“对日和约”文本不会引申出这样的结论,即“共产党中国”对西沙、南沙群岛拥有主权。";"643";55
56;1951;"3,南越当局继承法国“衣钵”,侵占南海岛礁在1951年9月的旧金山会议上,南越当局发表了对南海诸岛所谓的主权声明,中国政府和台湾当局因故未出席,致使南越当局的声明未能得到反驳,并在会议上得到保留。";"654";56
57;1952;"1952年4月28日,在美国主导下,日本与台湾当局签署了《日华和约》,其中第二条写到：“兹承认依照公历1951年9月8日在美利坚合众国金山市签订之对日和平条约第二条（以下简称金山和约）,日本国业已放弃对于台湾及澎湖群岛以及南沙群岛及西沙群岛之一切权利、权利名义和要求。";"645";57
58;1953;"1953年,菲律宾颁布的宪法也没有将南沙群岛纳入版图。";"182";58
59;1954;"1953年3月21日,美国人理说?阿普盖特等3人驾驶美国“克特号”游艇,侵入我广东领海进行侦察活动,当即被人民解放军海防部队扣留决⑷1954年7月23日,一架英国运输机在海南岛榆林港上空发生意外,26日美国以“救援”为借口派遣包括2艘航空母舰及若干艘驱逐舰的混合编队进入我国海南岛东部附近海面,“九时二十五分由舰上起飞的美国战斗机四架侵入我国榆林港上空。";"656";59
60;1955;"⑥此外,菲律宾1955年向联合国国际法委员会提交的有关领海范围的声明,并未出现与南沙群岛有关的内容。";"152";60
61;1955;"1950年5月,中国人民解放军进驻永兴岛,法国派遣了一支600余人的部队进驻西沙南部岛屿,阻止中国军队登陆；10月14日,法国将西沙群岛防卫权交给南越当局;1951年,法国驻远东海军司令部曾派遣测量人员前往西沙、南沙群岛测量,因天气恶劣,只到了西沙群岛,而未达南沙群岛；⑹1953年,5艘法国舰艇和1艘运输船运载上百人分别于琛航岛、晋卿岛、甘泉岛、羚羊礁等地登陆,非法设立航标；1955年6月,1艘法国登陆舰在永兴岛登陆,并设置了水泥主权牌。";"647";61
62;1956;"1956年,托马斯・克洛马(TomasCloma)“发现”南沙群岛,宣称已与新西兰等国就磷矿销售达成协议,数十吨的磷矿已经集中待运至新西兰等国的公开消息记载了菲律宾谋取南海经济利益的第一次行动。";"143";62
63;1956;"菲律宾对南沙群岛的“发现”主要基于1956年的“克洛马事件”。";"148";63
64;1956;"20世纪50年代初,菲律宾政府对南海诸岛及其附近海域拓展“主权”,出现了民间团体占领、开发太平岛的行动,还发生了1956年托马斯・克洛马（TomasCloma）“发现、占有”南沙群岛部分岛屿事件。";"226";64
65;1956;"1956年菲律宾政府的一个专门委员会在对南沙群岛的法律地位进行讨论后,认为该群岛“并不处在菲律宾的领土范围以内”,而是为中国所管辖。";"649";65
66;1956;"除此之外,1956年越南外交部官员在外交场合也曾经承认西沙群岛和南沙群岛在宋朝就属于中国。";"895";66
67;1956;"1956年3月,菲律宾马尼拉航海学校校长克洛马(TomasCloma)率40名船员先后登上了北子礁、南子礁、中业礁、南钥岛、西月岛、太平岛、敦谦沙洲、鸿庥岛、南威岛等9个南沙岛屿,自称“发现”并“占领”了这些岛屿,在岛上留下木牌,上书“该岛为菲律宾马尼拉克洛马等人声称所有,是自由地之组成部分”①。";"183";67
68;1956;"⑵1956年3月,马尼拉海运学校校长托马斯?克洛马派出40多人的“远征队”到南沙群岛“探险”,并竖立了主权牌,宣称其“发现”了“无主之岛”的“自由地”,菲律宾政府继而宣称这些岛屿“既无所属”,菲律宾“有权予以占领”（3)。";"651";68
69;1956;"1956年5月,克洛马致信菲律宾副总统兼外长加西亚,表示已占领南沙诸岛,并将其命名为“卡拉延群岛”,又称“自由地”。";"184";69
70;1956;"例如,早在1956年6月,美国参谋长联席会议便在一份报告中指出,“南海主权争议与美国利益相关性低”,美国“不会在中、菲、越领土争端各方之间选边站,而是要做一个中立的仲裁者”。";"1";70
71;1956;"1956年6月26日,美军参谋长联席会议认为,“南海主权争议问题与美国利益相关性低”,“美国不会在中菲越领土争端各方选边站,而是做一个中立的仲裁者”。";"227";71
72;1956;"1956年6月15日,越南副外长雍文谦接见中国驻越南使馆临时代办李志民时,郑重表示：“根据越南方面的资料,从历史上看,西沙群岛和南沙群岛应当属于中国领土。";"652";72
73;1956;"1956年7月7日,《马尼拉日报》上刊载文章,肯定地承认南沙群岛一直属于中国领土。";"661";73
74;1956;"2.面对南越当局的入侵行为,中国政府多次发表主权声明和抗议针对1956年8月南越当局军队侵占南沙岛礁,《人民日报》发表文章指出：“南沙群岛如同西沙群岛、中沙群岛和东沙群岛一样,一向是而且永远是中国领土的一部分。";"657";74
75;1958;"1958年前后发生台海危机,外部势力干涉台湾事务,频频骚扰中国东南海域和南海诸岛,并觊觎中国大陆。";"662";75
76;1958;"最早表明这一立场的正式文件是1958年《中华人民共和国政府关于领海的声明》,该声明规定了中华人民共和国的12海里领海宽度,并宣布此项规定适用于“中华人民共和国的一切领土,包括中国大陆及其沿海岛屿,和同大陆及其沿海岛屿隔有公海的台湾及其周围各岛、澎湖列岛、东沙群岛、西沙群岛、中沙群岛、南沙群岛以及其他属于中国的岛屿。";"825";76
77;1958;"即使不说悠久的历史,仅说新中国成立以来的情况,中国早在1958年就已经明确地将南海四个群岛连同其他岛屿领土都规定在中国的领土范围之内了。";"891";77
78;1958;"1958年9月4日,中国政府发表关于领海宽度为12海里的声明,规定领海制度适用于中国一切领土,包括南海诸岛。";"653";78
79;1958;"早在1958年9月4日,中国政府发表《关于领海的声明》,其中除了重申包括西沙群岛和南沙群岛在内的诸多岛屿属于中国领土之外,还规定了这些岛屿拥有从领海基线测量起宽度为12海里的领海。";"894";79
80;1959;"1959年,中国政府于西沙永兴岛设置“西南中沙群岛办事处”,开始行使南海主权。";"511";80
81;1959;"1959年,国务院组织外交部、公安部、内务部总参测绘局、国家测绘总局和中国科学院等单位编制出版《中华人民共和国边界地图集》,其中标明曾母暗沙为中国最南领土。";"664";81
82;1959;"西方学者在分析1959年中国政府对南越侵扰西沙群岛的反应时说：“虽然措辞严厉,但是中国却未取任何报复措施和举动,以打击驻扎在帕拉赛尔群岛的新月群岛(即西沙的永乐群岛――笔者注)上的南越海军部队。";"666";82
83;1959;"其后,中国政府又于1958年9月4日和1959年2月27日发表声明,重申中国对包括西沙、南沙群岛在内的南海诸岛享有合法主权。";"660";83
84;1959;"⑶然而,签署的和约笔墨还未干,日本就公然侵扰南海诸岛,1955年三四月间,有5艘日本船到西沙群岛进行非法活动；1956年6月6日,日本东京东洋贸易公司组织以小竹芳雄为首的勘察团擅自窜入南沙群岛进行非法勘测；1959年3月12日,日本渔船T-k5502号捣毁西沙群岛北岛中国渔民的房屋,劫走中国渔民财物。";"646";84
85;1959;"1959年3月,中共中央作出决定,指示广东省和海南行政区,在西沙群岛永兴岛正式成立县级政权机构“中国共产党西、南、中沙群岛工作委员会”（简称“西沙工委”）和“西、南、中沙群岛办事处”（简称“西沙办事处”）,其主要职责是领导开发建设南海诸岛,以加强对西沙、南沙、中沙群岛的行政管辖。";"663";85
86;1962;"1962年地图出版社出版的《中华人民共和国地图》确认南海断续线为9段,该图“是目前中国所有地图中海上传统海疆标准绘法的依据”,其划法延续至今。";"665";86
87;1966;"加上1966年颁布的《大陆架法》,马来西亚希望通过以上三大法令实现对南海的主权控制。";"686";87
88;1968;"⑦1961年菲律宾第一次公布的“领海基线法案”(即第3046号法案)和1968年修订的“领海基线法案”(即第5446号法案)也均未将南沙群岛包括在内。";"153";88
89;1968;"1968年,马来西亚政府将包括南康暗沙、北康暗沙和曾母暗沙在内共8万多平方公里的南沙海域划为其“矿区”,并出租给美国壳牌公司的子公司沙捞越壳牌公司钻探。";"683";89
90;1970;"①1970年以后的几年间,马来西亚钻探船多次在南康暗沙、北康暗沙和曾母暗沙进行非法钻探,并在曾母暗沙发现了储量达5000亿立方米、年产量达100亿立方米的大气田。";"684";90
91;1970;"1970年,马来西亚开始在南康暗沙和北康暗沙开发油气资源。";"845";91
92;1971;"1955年5月,美军飞机侵入西沙群岛领空,并闯入南沙群岛活动；1956年6月7日,美军第七舰队司令英格索尔公然叫嚣要阻挠中国行使对南沙群岛南威岛的主权；1957年5月,美军侵占南沙群岛三个岛屿,建立雷达站；1959年6月23日至1971年12月25日,美机、美舰入侵中国西沙群岛领空、领海达200余次。";"644";92
93;1971;"1971年7月10日,菲律宾政府指责台湾军舰在南沙群岛向一艘无武装的菲律宾海军船只“开火”,时任总统马科斯立即召开国家安全会议讨论南沙地位问题,并得出结论,即克洛马进行探险及占领过的53个岛屿属于菲律宾。";"185";93
94;1971;"②其实,早在1971年7月,菲律宾政府就已派出海军占领南沙群岛的南海礁、中业岛。";"186";94
95;1971;"1971年7月菲律宾总统马科斯发表声明,首次对南沙群岛提出正式的领土要求。";"842";95
96;1972;"②尤其是自1972年2月尼克松总统访华之后,中美关系迅速缓和,对于时隐时现的南海主权争议,美国多次申明对各方所提出的领土主权声索“不持特定立场”,基本上保持了较为中立的态度,尤其不愿为南海问题而影响与中国联手抗苏的关系。";"2";96
97;1973;"1973年9月,越南共和国将南沙群岛的一部分划归为一个行政单位,越南共和国政府至少在南沙群岛的五个岛屿上驻有军队。";"358";97
98;1973;"1973年9月,越南共和国将南沙群岛的一部分划归为一个行政单位,越南共和国政府至少在南沙群岛的五个岛屿上驻有军队。";"454";98
99;1974;"1974年,第三届第四次联合国海洋法会议在委内瑞拉召开,沿海国可拥有12海里领海及200海里经济海域的提案得到多数国家代表认同,并被列入海洋法公约草案,这为菲律宾巩固其南海权益主张增加了新的“依据”。";"149";99
100;1974;"到1974年时,菲律宾已经占领南沙群岛中的5个岛屿,分别是马欢岛、费信岛、西月岛、北子礁和中业岛。";"187";100
101;1974;"1974年中越西沙海战后,菲律宾驻联合国代表就事件询问中国代表。";"228";101
102;1974;"1974年双方交火的结果是,中国海军18名官兵英勇牺牲,67名参战人员受伤,389舰被击伤;中国共击沉南越海军护航舰一艘,击伤驱逐舰3艘,毙伤其“怒涛”号舰长及官兵一百余人,中国最终收复了甘泉岛?珊瑚岛和金银岛。";"263";102
103;1974;"比如,1974年,中国与南越伪政权因西沙争端发生冲突时,美国在南越当局一再请求下仍采取了不介入的中立立场。";"628";103
104;1974;"1974年,菲律宾将南海的礼乐滩租给瑞典石油公司进行勘探,共钻井37口,其中约有７口位于中国传统Ｕ形线内。";"670";104
105;1974;"1974年越南教育出版社出版的普通小学地理教科书（越南官方的教科书）指出：“从南沙群岛、西沙群岛到海南岛、台湾岛构成了保卫中国大陆的长城。";"896";105
106;1974;"1974年1月,在中国与南越政权爆发西沙海战并收复西沙诸岛之际,面对阮文绍(NguyenVanThieu)政府要求美国介入并提供援助的要求,美国国务院发表声明指出,南海争端“应由争议各方自行予以解决”,断然拒绝了“盟友”南越政府的求援。";"3";106
107;1974;"1974年1月26日,沙利文根据菲律宾的官方意见,致电国务院,恳请国务院授权他在《美菲共同防御条约》框架下征询菲律宾对南海诸岛的具体意图与对美方所需采取行动的期待等要求,并提出四点建议：“授权美军一旦菲律宾在南沙群岛遇袭立即作出‘行动’反应”；“强侦察力度以防止此类突袭的发生”；“制定包括警告中方如果对菲律宾采取军事行动将启动《美菲共同防御条约》等对华行动方针”。";"229";107
108;1974;"1974年1月31日,美国国务院回复沙利文的电报称：“我们仍在思考一旦菲律宾在南沙群岛遇袭美国采取行动的义务在《美菲共同防御条约》中的法律定位。";"230";108
109;1974;"例如1974年1月,中国人民解放军海军在西沙群岛对入侵的南越军队进行自卫反击战时,海峡两岸虽然处于紧张的敌对状态,但台湾当局仍发表声明强调,西沙和南沙群岛“为中国固有之领土,其主权不容置疑”。";"329";109
110;1974;"1974年1月17-20日,中国夺回了西沙群岛。";"359";110
111;1974;"1974年1月17-20日,中国夺回了西沙群岛。";"455";111
112;1975;"1971―1975年的几年之间,菲律宾在南海进行了一系列的地震探测,钻了大量的钻孔。";"189";112
113;1975;"然而,美国却从不提及相关国家“非法占有”岛礁的问题,以及越南1975年前后对南海权益截然不同的主张。";"562";113
114;1975;"1975年,越南开始提出对西沙、南沙群岛的主权要求,但并没有对断续线表示异议。";"839";114
115;1975;"越南对南沙岛礁的侵占始于1975年,迄今已占据29个岛礁,在其中的21个岛礁上派驻人员,驻扎部队,进行大规模工程建设。";"840";115
116;1975;"1975年4月11日,越南民主共和国夺取了在越南共和国军队控制下的六个南沙岛屿。";"362";116
117;1975;"1975年4月11日,越南民主共和国夺取了在越南共和国军队控制下的六个南沙岛屿。";"458";117
118;1976;"1976年,菲律宾与瑞典的一个石油公司合作在礼乐滩附近海域钻采石油。";"190";118
119;1976;"1976年,菲律宾总统马科斯借美国总统换届之机,以美军驻菲律宾基地为筹码向美方施加压力,敦促美国对《美菲共同防御条约》做出更明确的解释,以期获得美国军事支持其对南沙群岛领土主张的承诺。";"231";119
120;1976;"早在1976年,菲律宾就使阿莫科(Amoco)国际石油公司卷入在巴拉望近海南沙群岛礼乐滩的石油勘探,引起了中国和越南的抗议。";"873";120
121;1976;"1976年10月6日,基辛格与菲律宾外长罗慕洛举行秘密会议就《美菲共同防御条约》达成初步妥协：美国对菲律宾陆上安全的义务与争议性岛屿及海域区别对待,菲律宾不再在南海问题上牵扯美国。";"232";121
122;1976;"1976年6月14日,菲律宾政府正式公布与瑞典公司共同钻探南沙群岛礼乐滩(ReedTablemount)的计划,①以实际行动加入了南海油气开发的行列。";"144";122
123;1978;"1978年,菲律宾总统马科斯签署第1596号总统法令,将南沙群岛的33个岛、礁、沙、洲,面积达64976平方海里的海域声称为“菲律宾领土的一部分,并对之实施行政管理”。";"188";123
124;1978;"1978年6月菲律宾第1596号和1599号总统令,将南沙群岛的部分岛礁宣布为“卡拉延群岛”(KalayaanIslandGroup),划归菲律宾的专属经济区。";"843";124
125;1979;"马来西亚为了发展近海石油开发,将其海疆直接扩展到南沙海域之内,在1979年马来西亚新出版的一张领海和大陆架疆域图上,就把南沙海域东南部的12个小岛礁划为自己声称的范围。";"674";125
126;1979;"其中,标志性的事件有四件:一是1979年12月21日,马来西亚出版的马来西亚大陆架地图把南乐暗沙、校尉暗沙、司令礁、破浪礁、南海礁和安波沙洲一线以南的南沙群岛地区(包括12个小礁岩和环礁)划入马来西亚版图,对南沙群岛提出主权要求。";"685";126
127;1979;"1979年12月,马来西亚官方出版了一张大陆架图,将南沙群岛的部分岛礁和海域标在马来西亚大陆架范围之内。";"846";127
128;1980;"1980年,美国国防部在给国会的年度报告中几乎没有提及南海,只是在谈到苏联在金兰湾和舰港的利益以及南海将如何使“美国第七舰队在协防日本联络线的任务复杂化”时才谈到南海。";"456";128
129;1981;"自1981年起,马来西亚陆续占领南海争议岛礁。";"688";129
130;1982;"②自1982年《联合国海洋法公约》诞生以来,与中国存在南海权益争端的东盟各国非常善于灵活运用国际法依据。";"77";130
131;1982;"马来西亚指出,马来西亚和越南联合提交外大陆架划界法案是各方实施1982年《公约》的合理行为,符合《公约》的相关条款和《大陆架界限委员会议事规则》,马来西亚对于有关南海岛礁和海域争议的其他各国并没有偏见,在向大陆架委员会提交法案之前,马来西亚已经将自己的立场告知了中国。";"107";131
132;1982;"例如,在有关南海问题最重要的文件之一《南海各方行为宣言》中,中国与东盟各国确认以《联合国宪章》的宗旨和原则、1982年《联合国海洋法公约》、《东南亚友好合作条约》、和平共处五项原则,以及其他公认的国际法原则作为处理国家间关系的基本准则。";"121";132
133;1982;"“零号草案”在序言中做了如下表述:认识到对南海主权和管辖权争端的一项全面而持续的解决将有助于地区和平与稳定;强调为了在达致分歧和争端得到持久解决的同时维持南海作为一个和平?稳定?友好与合作的区域地位之目标,而进一步在南海促成一个和平?友好?和谐的环境的必要性;致力于通过和平方式,并且依据包括1982年《联合国海洋法公约》在内的公认国际法原则来处理分歧而不诉诸武力或者武力威胁;回顾各国依据包括《联合国海洋法公约》在内的国际法,所承担的保护南海环境特质及其生物多样性的义务;重视东盟以及中国领导人所做出的构建一项《南海行为准则》以维护南海和平与稳定的承诺。";"179";133
134;1982;"虽然越南在1978-1982年试图从中国手中夺取这些岛屿,但中国一直保持着对西沙群岛的有效控制。";"361";134
135;1982;"但是,美国对不符合包括1982年《联合国海洋法公约》在内的国际法的对南海海洋领土主权的要求和对海上活动的限制表示严重关切。";"379";135
136;1982;"虽然越南在1978-1982年试图从中国手中夺取这些岛屿,但中国一直保持着对西沙群岛的有效控制。";"457";136
137;1982;"但是,美国对不符合包括1982年《联合国海洋法公约》在内的国际法的对南海海洋领土主权的要求和对海上活动的限制表示严重关切。";"475";137
138;1982;"在南海争端上,中国提出应根据公认的国际法和现代海洋法,包括1982年《联合国海洋法公约》所确立的基本原则和法律制度,通过和平谈判妥善解决有关争议。";"573";138
139;1982;"在相关国际法中,东盟对于1982年的《联合国海洋法公约》给予了特别的重视,认为南海各方应尊重包括《联合国海洋法公约》在内的公认的国际法原则所规定的在南海的航行及飞越自由。";"609";139
140;1982;"比较克林顿政府发布的《南沙群岛与南海政策声明》,奥巴马政府南海政策虽然继承了克林顿政府时期的既有原则,如“美国在南海的国家利益主要是维持南海航行自由”;“美国不偏袒南海陆地领土争议任何一方”;美国“愿意协助处理南海问题”,“支持争议各方联合通过规范各方南海行为的政治或法律文件”;“美国反对任何声索方使用、或威胁使用武力去解决冲突”,并“要求各方在南海地区的行动必须符合国际法,尤其是1982年《联合国海洋法公约》的规定”等,①但是却在南海地区“国家利益”和“国际利益”的表述方面,以及援引国际法解决争端等细节方面有了显著的变化。";"728";140
141;1982;"⑤美国要求各国依据国际法相关原则提出对南海海域空间的合法主张,奥巴马政府也将积极推动美国加入1982年的《联合国海洋法公约》。";"729";141
142;1983;"先是1983年,马来西亚在与澳大利亚、新西兰、英国、新加坡举行“五国防务组织”海军演习后,派出海军陆战队于8月22日抢占了中国的弹丸礁(马称其为“拉央拉央岛),并派22名士兵驻守。";"689";142
143;1983;"1983年,马来西亚占领了弹丸礁,称其位于马来西亚的大陆架上。";"847";143
144;1983;"1983年4月25日,中国地名委员会发表公告,标准化名称为曾母暗沙。";"827";144
145;1983;"根据1983年4月24日《中国地名委员会受权公布的南海诸岛部分标准地名》,南沙群岛包括群岛、岛屿14个,沙洲6个,暗礁113个,暗沙35个,暗滩21个。";"837";145
146;1983;"1983年9月4日,马来西亚公开报道了占领弹丸礁消息。";"690";146
147;1984;"文莱以领海法的解释跻身南海纷争,②其主张主要涉及中国在南海的权益,但因马来西亚对南通礁提出主权要求并于1984年占领了该岛礁,③文莱与马来西亚在南海问题上也存在利益矛盾。";"95";147
148;1984;"1984年,中国领导人邓小平在谈到南沙问题时提出了“共同开发”的构想。";"314";148
149;1984;"1984年,文莱通过立法宣布实行200海里专属经济区制度,主张的专属经济区进入南海断续线内。";"848";149
150;1984;"1984年4月18日,马来西亚总理马哈蒂尔乘海军指挥支援舰亲临弹丸礁视察。";"693";150
151;1986;"1983年,马来西亚在弹丸礁突击登陆并实施占领；1986年,马来西亚占领光星礁和南海礁及附属的５个小岛。";"675";151
152;1988;"期间,中菲两国虽然在1988年就南海争端达成“搁置争议?共同开发”的共识,②但是菲律宾并没有改变单方面开采南海油气资源的政策方向。";"145";152
153;1988;"另一方面则在忍无可忍的情况下,先后进行了两次有限的自卫还击作战(即1974年对南越西贡政权的“西沙海战”和1988年对越南的“3・14”海战),收复了全部西沙群岛,进驻了部分南沙岛礁,显示了维护国家主权的决心与力量。";"512";153
154;1988;"中国政府于1984年设立海南行政区,1988年又改设海南省,将西、南、中沙群岛及附近海域纳入其管辖范围,以行政管辖的方式突出了对南海诸岛的主权权利。";"513";154
155;1988;"中国政府自1959年3月起,在西沙群岛的永兴岛设置“西沙群岛、南沙群岛、中沙群岛办事处”,并于1988年后开始派军驻守南海群岛中的永署礁、赤瓜礁、东门礁等岛礁。";"576";155
156;1988;"两岸在共同维护南海权益方面有过多次默契与合作,如1988年中国南海舰队在收复被越南占领的南沙岛屿的激战中曾经得到过国民党驻太平岛屿守军的援助,这类经历为两岸未来的合作提供了很好的历史条件。";"579";156
157;1988;"冷战后期,东盟担心的是越南在本地区的扩张主义行为,因此对于1988年的中越南海冲突,并未做出任何集体层面的反应。";"587";157
158;1988;"如马来西亚副外长阿卜杜拉在1988年曾对外发表讲话称,“这些(南海)岛礁在马来西亚的主权之下,马来西亚过去已重申其管辖权……它们是在马来西亚的大陆架之内,马来西亚对其拥有主权已通过马来西亚新地图作了正式声明”④。";"687";158
159;1988;"1988年,文莱公布一幅关于沿海管辖和主权的新地图,声称以《公约》关于大陆架的条款为法律依据,对南通礁拥有主权,文莱主张的大陆架进入南海断续线内。";"849";159
160;1988;"成1988年3月,越南海军向在南沙群岛赤瓜礁上考察的中方人员进行挑衅,中国方面被迫进行有限的自卫还击。";"330";160
161;1988;"1988年3月,中国和越南在南海发生武装冲突之后,台湾当局曾发表过关于南海地区的基本政策声明,其政策目标有两个:(一)避免介入和中国大陆,或中国大陆与其他南海争端国之间的军事冲突;(二)“保卫”南海岛屿,尤其是太平岛,防御来自中国大陆或其他国家的攻击。";"574";161
162;1989;"1989年7月,台湾“内政部陆委会”设立一个特别委员会,为台湾的领海和专属经济区划定基线,把南海的大部分地区称为“中国的历史性水域”。";"328";162
163;1990;"⑧1990年,中国国家主席杨尚昆在出访印尼时,首次向国际社会完整表述了中国政府在南海问题上的立场,即“搁置争议,共同开发”。";"315";163
164;1990;"从另一个事实也可以看出这一点：在1990年美国国防部向国会提交的关于东亚的报告中,基本上没有提及南海问题。";"463";164
165;1990;"中国政府处理南海问题的基本依据是邓小平的“主权在我,搁置争议,共同开发”的思想,1990年正式提出了“搁置争议,共同开发”的主张,反对将主权问题列入各种官方磋商机制或非官方论坛。";"577";165
166;1990;"1990年,东盟重要成员国之一印尼在加拿大政府的资助下,开始主办关于南海问题的非正式研讨会,研讨如何应对南海的潜在冲突。";"588";166
167;1990;"从1990年起,美国对南海地区的领土主权和海洋管辖权争端表现出越来越明显的关注。";"630";167
168;1990;"1990年10月,美国布什政府的远东事务助理国务卿所罗门在加州圣迭哥大学的一次演讲中,把南沙问题、朝鲜半岛问题、柬埔寨问题和日本与苏联关于北方四岛的争端等问题相提并论。";"631";168
169;1990;"1990年8月,中国领导人在访问新加坡时表达了中国和平解决南海争端的愿望。";"425";169
170;1991;"美国在1991年发动了第一次海湾战争,之后又在波黑、索马里、科索沃采取了军事行动,在这一过程中,美国的注意力并没有放在南海上。";"459";170
171;1991;"据统计,1983―1991年,马来西亚至少花费7000万马币经营所占领的南沙岛礁,尤其是加强了对弹丸礁的经营。";"692";171
172;1991;"而且美国在过去的十年中都没有认真地重新考虑过其南海政策,美国在菲律宾军事基地的政策却发生了变化:1991年9月16日,菲律宾参议院投票决定美菲军事基地协定不再续约。";"383";172
173;1991;"而且美国在过去的十年中都没有认真地重新考虑过其南海政策,美国在菲律宾军事基地的政策却发生了变化:1991年9月16日,菲律宾参议院投票决定美菲军事基地协定不再续约。";"479";173
174;1992;"中国与东盟组织层面有关南海问题的互动始于1992年《东盟南海宣言》的发表。";"72";174
175;1992;"菲律宾资深外交官、东盟前秘书长、新加坡东南亚研究所东盟研究中心主任鲁道夫・塞维利诺认为,1992年主持召开当年东盟外长会议的菲律宾是南海问题在会议上被讨论以及通过和发表《东盟南海宣言》的最大推手。";"96";175
176;1992;"东盟对南海问题的正式介入始于1992年。";"260";176
177;1992;"而且,自1992年以后,东盟的历届部长会议几乎都涉及到了南海问题。";"265";177
178;1992;"也是在1992年,一个名不见经传的美国公司――克里斯通能源公司(CrestoneEnergyCorporation)同中国海洋石油公司签署了一个名为“万安北-21”石油开发合同,合同规定双方将在南沙群岛西南部万安滩附近的“万安北-21”合同区进行石油开发。";"365";178
179;1992;"在此之前,东盟作为一个集体首次在南海问题上表达官方立场是在1992年。";"370";179
180;1992;"美国愿意以有领土主权要求的国家认为有帮助的任何方式给予支持……美国重申它欢迎1992年东盟关于南海的声明。";"378";180
181;1992;"也是在1992年,一个名不见经传的美国公司――克里斯通能源公司(CrestoneEnergyCorporation)同中国海洋石油公司签署了一个名为“万安北-21”石油开发合同,合同规定双方将在南沙群岛西南部万安滩附近的“万安北-21”合同区进行石油开发。";"461";181
182;1992;"在此之前,东盟作为一个集体首次在南海问题上表达官方立场是在1992年。";"466";182
183;1992;"美国愿意以有领土主权要求的国家认为有帮助的任何方式给予支持……美国重申它欢迎1992年东盟关于南海的声明。";"474";183
184;1992;"自1992年首次关注南海局势以来,东盟正逐渐加大介入南海问题的力度,逐渐形成了南海问题的“东盟化”构想。";"583";184
185;1992;"在1992年以前,作为一个正在成长中的地区组织,东盟对于南海问题并没有加以特别关注。";"586";185
186;1992;"东盟作为集体首次在南海问题上表达官方立场是在1992年。";"589";186
187;1992;"一方面,作为地区组织,自从1992年首次就南海问题表明立场以来,东盟多次强调,它在南海争议问题上不持立场,南海争议应由声索国通过和平谈判解决。";"597";187
188;1992;"1992年第25届东盟外长会议通过了《东盟关于南中国海问题的宣言》,致使南海争议更显突出。";"835";188
189;1992;"此后,在1992年《中华人民共和国领海及毗连区法》以及历次外交声明中,中国不断地重申对包括南沙群岛和黄岩岛在内的南海诸岛拥有主权,并且至今从未放弃过。";"892";189
190;1992;"1992年2月中国颁布《中华人民共和国领海及毗连区法》,重申中国的陆地领土包括东沙群岛、西沙群岛、中沙群岛、南沙群岛以及其他一切属于中华人民共和国的岛屿。";"82";190
191;1992;"1992年2月,中国通过了《中华人民共和国领海及毗连区法》,重申对南海所有岛屿的主权。";"364";191
192;1992;"1992年2月,中国通过了《中华人民共和国领海及毗连区法》,重申对南海所有岛屿的主权。";"460";192
193;1992;"1992年2月,全国人大通过《中华人民共和国领海及毗连区法》,以立法形式再次确认了中国对南海诸岛的主权权利。";"514";193
194;1992;"在1992年3月的一次美国同马来西亚、菲律宾、印尼和日本的对话中,美国东亚事务助理国务卿理查德?所罗门(RichardSolomon)表示,美国对南沙群岛不负有特殊责任,中国在2月25日宣布其对南沙群岛的主权,不过是中国长期以来的立场。";"368";194
195;1992;"在1992年3月的一次美国同马来西亚、菲律宾、印尼和日本的对话中,美国东亚事务助理国务卿理查德?所罗门(RichardSolomon)表示,美国对南沙群岛不负有特殊责任,中国在2月25日宣布其对南沙群岛的主权,不过是中国长期以来的立场。";"464";195
196;1992;"1992年5月21日,马来西亚最高元首阿兹兰・沙阿夫妇首次到弹丸礁视察,“检阅”岛上仪仗队并参加了驻岛军官举行的汇报会。";"694";196
197;1992;"例如,早在1992年6月,美国国务院发言人便针对南海问题指出:“美国的立场是涉及主权争议的有关国家,应该和平解决彼此间的分歧,通畅无阻的航运应予维护。";"11";197
198;1992;"1992年7月,美国国务卿詹姆斯・贝克(JamesBaker)公开表示:“美国并未针对南沙群岛主权争议设定立场。";"4";198
199;1992;"如前所述,东盟首次正式介入南海问题是1992年7月东盟对南海问题发表了官方的立场,即《马尼拉宣言》。";"264";199
200;1992;"在1992年7月于马尼拉召开的东盟六国外长会议上,菲律宾利用东道主的身份号召尽快解决南海的领土争端,在《东南亚友好合作条约》的基础上建立一套关于南海的行为准则。";"371";200
201;1992;"在1992年7月于马尼拉召开的东盟六国外长会议上,菲律宾利用东道主的身份号召尽快解决南海的领土争端,在《东南亚友好合作条约》的基础上建立一套关于南海的行为准则。";"467";201
202;1992;"在1992年7月于马尼拉召开的东盟六国外长会议上,菲律宾利用东道主的优势,不仅将南海问题正式列入东盟探讨的议程,还形成了东盟第一份《关于南中国海问题的东盟宣言》（即《马尼拉宣言》）。";"590";202
203;1992;"1992年7月,东盟在马尼拉发表的《东盟关于南海问题的宣言》中指出,“必须用和平的手段而不诉诸武力解决同南中国海有关的一切主权和管辖权问题。";"603";203
204;1992;"为“因应由于南海群岛资源开发而引起之军事、经济及外交之相关问题”,“维护中国南海诸岛、南海水域之权益及和平开发、管理”,台“行政院”于1992年8月5日核定成立“南海小组”。";"516";204
205;1993;"如新加坡时任外长黄根成在1993年东盟部长会议期间召开的首次东盟与中国磋商会议上提出:“和平解决南海问题,将有助于加强东盟与中国的关系。";"266";205
206;1993;"1993年,美国对南海地区潜在的安全“威胁”的重视程度提高,并认为有可能演化成较大规模的军事冲突。";"632";206
207;1993;"1993年,弹丸礁飞机跑道及度假中心竣工后,马哈蒂尔再次前往视察,以示马来西亚重视南沙小岛,并展现经营的决心。";"695";207
208;1993;"1993年,中国台湾当局曾在其公布的《南海政策纲领》中明确宣示九段线内全部海域为其管辖之海域,并对其拥有一切权益。";"823";208
209;1994;"这是错误的：按照国际条约和从菲律宾1935年宪法到1994年菲国家地图和资源信息部的确认,黄岩岛从来就不是菲律宾领土；《公约》第19.2条规定：若外国船舶在领海内进行“任何捕鱼活动”,即应视为损害沿海国的和平、良好秩序或安全。";"309";209
210;1994;"1990-1994年期间,美国对南海问题的基本政策是,对各方领土要求的合法性不持立场,只强调用和平手段解决领土纠纷,同时关注南海的航行自由。";"448";210
211;1994;"冷战结束初期,1990-1994年期间,美国对南海问题的基本政策是,不对各方领土要求的合法性做出判断,只强调用和平手段解决领土纠纷,同时关注南海的航行自由。";"452";211
212;1994;"1994年,东盟国家基于其在南海上巨大的共同利益更是公开宣布“今后东盟成员对外将以集体名义而不以双边名义接受谈判”,使得南海争端①更加陷入了复杂化的困境。";"572";212
213;1994;"1994年台湾《南海政策纲领》中的立场是,主张中国在南海历史性水域内拥有“主权”,在坚持主权的前提下支持以合作、和平方式解决南海争端。";"578";213
214;1994;"1．1990～1994年,美国开始关注南海问题,但基本上采取不直接介入的“消极中立”政策。";"629";214
215;1994;"1994年,东盟公开宣布“今后东盟成员对外将以集体名义而不以双边名义接受谈判”,强调”美军在亚洲的存在是必要的”,充分表明了东盟在南海问题上行动趋向一致,并使南沙问题国际化。";"836";215
216;1994;"1994年10月,美国国防部长威廉・佩里(WilliamPerry)在中国国防大学发表演讲时便声言:“如果在南沙群岛的领土争端爆发为冲突,它有可能对地区稳定造成破坏性打击,而且可能对美国和世界其他国家至关重要的海上交通线构成威胁。";"17";216
217;1994;"按照确定菲律宾领土范围的美西条约、英美条约以及菲律宾在1968年尚未强占我国南海岛礁前的国内法,黄岩岛和中业岛等岛礁都不是菲律宾领陆,即使到1994年10月18日,菲国家地图和资源信息部再次确认：黄岩岛位于菲领土边界之外。";"306";217
218;1994;"二是中国对南海“断续线”和中菲强制仲裁程序中所列岛礁享有合法权利的历史证据,以及1994年10月18日菲律宾国家地图和资源信息部向美国业余无线电协会出具的、确认“菲领土边界和主权是由1898年12月10日巴黎条约第三款所规定”等菲律宾官方证明其领土范围的文件。";"424";218
219;1994;"1994年10月,美国国防部长威廉・佩里表示,南海领土争端很多年以来一直是紧张局势的一个根源。";"633";219
220;1994;"1994年1月,美国国会研究服务中心专门提交了遏制中国军事控制南海诸岛的可能性报告,提出了四项建议：“维持美国亚洲军力”；“获取施压中国的经济手段”；“加强美中互动与互信”；“发挥东盟与亚太经合组织多边外交功能”。";"233";220
221;1994;"1994年4月20日,中国海监编队再次在曾母暗沙宣示主权,并投下一块主权碑。";"828";221
222;1994;"①1994年7月26日,美国副国务卿斯特罗布・塔尔博特(StrobeTalbott)在东盟部长级会议上表示,虽然东南亚地区一个正在逼近的挑战位于南海,但是“美国对各方的领土要求不表示立场”。";"5";222
223;1994;"紧接着在1994年7月,越南共和国政府宣布它与一些石油公司达成了在主要位于南海西部边缘地区进行石油开发的8个合同,其中包括同壳牌、埃克森、美孚和加拿大石油公司的合同。";"357";223
224;1994;"紧接着在同1994年7月,越南共和国政府宣布它与一些石油公司达成了在主要位于南海西部边缘地区进行石油开发的8个合同,其中包括同壳牌、埃克森、美孚和加拿大石油公司的合同。";"453";224
225;1995;"1995年美济礁事件发生后,东盟外长发表声明,对事态表示“严重关切”,并敦促各方遵守1992年的《东盟南海宣言》。";"66";225
226;1995;"1995年,美国在冷战后的南海政策首度出现变化,主张将南海问题提交至东盟地区论坛等地区机制进行讨论。";"70";226
227;1995;"继《东盟南海宣言》后,1995年东盟有关国家开始根据《东盟南海宣言》第四点试图建立南海国际行为准则。";"86";227
228;1995;"由于“美济礁”事件的发生,在1995年召开的第二届东盟地区论坛上,南海问题没能回避,成为会后主席声明的显著内容之一。";"91";228
229;1995;"1995年,在冷战后美国南海政策首度改变,主张将南海问题提交至东盟地区论坛等地区政治与安全机制中进行讨论。";"92";229
230;1995;"1995年中菲发生“美济礁事件”后,菲律宾开始积极寻求东盟的支持,以期达成一个具有一定法律强制力的“南海行为准则”,从而能够对中国有所约束。";"271";230
231;1995;"1995年《中华人民共和国和菲律宾共和国关于南海问题和其他领域合作的磋商联合声明》有关“双方承诺”“最终谈判解决双方争议”(第三点)的规定,其中“最终谈判”显然表明,中菲两国同意排除了第三方争端解决程序。";"299";231
232;1995;"即使在1995年中菲之间发生美济礁事件后,菲律宾和越南都开始增加在争议群岛上的驻军,并计划在其占领的岛礁上建造更多的灯塔以加强其主权声称,还设法与其他外国公司签订在南海勘探石油的协议,""刃而台湾仍保持克制,不采取任何类似的行动。";"332";232
233;1995;"②不过,美国对南海的关注度在1995年中国同菲律宾关于南海美济礁的争端中明显加深。";"369";233
234;1995;"20世纪90年代后期,特别是1995年“美济礁事件”之后,菲律宾拉近了和美国的关系。";"447";234
235;1995;"从1995年中菲美济礁争端开始,美国对南海问题的关注程度逐步加濯,但不认为其航行自由受到阻碍,因此还没有改变在南海领土问题上不选边的立场。";"449";235
236;1995;"事实上,在1995年之前,南海问题很少成为美国国务院新闻发布会和国会听证会的主题。";"462";236
237;1995;"②不过,美国对南海的关注度在1995年中国同菲律宾关于南海美济礁的争端中明显加深。";"465";237
238;1995;"1995年2-5月,美国国务院东亚与太平洋事务局内部对美国的南海政策有大量辩论,种观点认为,美国的政策过于被动,基本上是对中国的行动做出反应。";"478";238
239;1995;"1995年的文莱东盟外长会议发表《关于南中国海最近局势的声明》,对南海局势表示关注,要求有关各方恪守1992年的东盟《马尼拉宣言》。";"592";239
240;1995;"在1995年于文莱召开的东盟地区论坛上,中国有限度地接受了将该公约作为解决南海问题的基础,但强调该公约并不适用于解决南海主权争端。";"623";240
241;1995;"1995年中菲美济礁事件”是个分水岭,此前美国政府一直奉行“积极中立”(activeneutrality)②政策,即对南海争端不卷入、不表态;此次事件后克林顿政府发表声明,首次确认南海通行自由涉及美国的“基本利益”③。";"755";241
242;1995;"事实上,1995年中国政府公布西沙群岛的领海基线,在法理上排除了将断续线作为国界线的可能―――一国在国界线之内确定和公布领海基线是不可想象的。";"857";242
243;1995;"在1995年12月召开的首脑峰会上,东盟对南海问题首次提出了各方应依据包括《联合国海洋法公约》(以下简称《公约》)在内的国际法来解决冲突?促进合作的主张。";"268";243
244;1995;"1995年1月底,菲律宾声称中国在美济礁⑤建有军事措施并扣留菲律宾渔船。";"191";244
245;1995;"②1995年2月,针对中菲之间的“美济礁事件”,时任美国国务卿的沃伦・克里斯托弗(WarrenChristopher)不顾菲方的一再要求,始终拒绝对事件“表明立场”。";"6";245
246;1995;"1995年2月,菲律宾指责中国在美济礁上修建建筑物,中菲之间的冲突由此而起。";"374";246
247;1995;"1995年2月,菲律宾指责中国在美济礁上修建建筑物,中菲之间的冲突由此而起。";"470";247
248;1995;"1995年2月到7月,在历次美国国务院的新闻发布会上,南海问题被多次提及。";"471";248
249;1995;"早在1995年2月,美国国防部发布的《东亚战略报告》就指出：“竞相提出对南海的岛屿和领海的领土要求是东南亚出现紧张局势的根源,这可能会对地区稳定带来严重影响”②。";"635";249
250;1995;"1995年3月,菲律宾加大西海岸的军力部署,并出动海军拆除了中国在五方礁和半月礁等岛礁上留下的测量标志,抓捕中国渔民,营造紧张气氛。";"192";250
251;1995;"除了1995年3月25日,驻守在太平岛的台湾海军向驶入其警戒区的一艘越南货轮开火外,其他多数是保持沉默。";"331";251
252;1995;"1995年3月25日,台守军炮轰了闯入太平岛附近水域的越南货轮。";"515";252
253;1995;"1995年3月,中国与菲律宾在美济礁发生摩擦。";"591";253
254;1995;"1995年4月,美国海军上将理查德・麦克（RichardC.Macke）对中国进行军事访问,在继续不介入南海主权争端原则的基础上,第一次明确表示了对航行自由与区域稳定的“强烈兴趣”。";"235";254
255;1995;"1995年4月,在杭州召开的中国与东盟高官磋商会议上,东盟国家表达了对中国在“美济礁事件”中的行为以及中国今后的南海政策的严重关切,当时,中国首席代表唐家璇尽管只是通过非正式的方式与东盟国家就此进行了讨论,但其仍然标志着中国第一次愿意与东盟作为一个整体来讨论南海问题,也标志着中国首次软化了在南海问题上的双边政策立场。";"267";255
256;1995;"1995年4月19日,美国副国务卿尼古拉斯?伯恩斯(NicholasBums)表示:美国对所有六个对南海岛屿有主权要求的国家都有接触,并有定期会谈。";"376";256
257;1995;"1995年4月19日,美国副国务卿尼古拉斯?伯恩斯(NicholasBums)表示:美国对所有六个对南海岛屿有主权要求的国家都有接触,并有定期会谈。";"472";257
258;1995;"③1995年5月10日,美国国务院就南沙群岛问题发表正式声明,再次明确宣称:“美国对各方针对南海岛礁及珊瑚礁岩所提主权声索的合法性不持立场。";"7";258
259;1995;"①1995年5月,克林顿政府针对中菲“美济礁事件”发表声明,宣称在南海“维护航行自由是美国的基本利益。";"12";259
260;1995;"⑥1995年5月10日,美国国务院就南沙群岛问题发表的声明也明确宣称:“南海海域单边的行动与反应模式已然加剧了本地区的紧张态势。";"18";260
261;1995;"例如,在1995年5月针对中菲“美济礁事件”的政府声明中,美国便回避历史源流,而只是宣称“对于任何不符合国际法,包括1982年《联合国海洋法公约》的海上主张或是对海上行为的限制,美国均表示严重忧虑”。";"26";261
262;1995;"1995年5月,菲律宾组织38名本国和外国记者到美济礁“采访”,进一步将争端升级,引发国际关注。";"193";262
263;1995;"1995年5月,克林顿政府发布《南沙群岛与南海政策声明》,首次确认了美国在南海地区的利益,以及美国对南海问题的政策。";"236";263
264;1995;"1995年5月10日,当中菲之间在美济礁问题上处于紧张状态时,美国国务院发言人克里斯丁?谢利(ChristineShelly)宣读了一份关于南海问题的正式声明,这是一份重要声明,它包含了现在被人们所熟知的美国的基本原则:第一,美国反对使用武力。";"377";264
265;1995;"在中国方面,中国外交部发言人沈国放于1995年5月16日发表讲话指出：“5月13日,在菲律宾军方的策划和组织下,菲方两艘军舰和一艘运载菲律宾和外国记者的游船编队驶往南沙群岛美济礁进行所谓的'采访'活动。";"380";265
266;1995;"1995年5月13日,菲律宾海军一艘配有两架军用直升机的4000吨级登陆舰和一艘配备7门大炮的护卫舰所组成的编队,掩护一艘轮船,企图闯入美济礁湖区,轮船上载有国际媒体的记者。";"381";266
267;1995;"1995年5月10日,当中菲之间在美济礁问题上处于紧张状态时,美国国务院发言人克里斯丁?谢利(ChristineShelly)宣读了一份关于南海问题的正式声明,这是一份重要声明,它包含了现在被人们所熟知的美国的基本原则:第一,美国反对使用武力。";"473";267
268;1995;"在中国方面,中国外交部发言人沈国放于1995年5月16日发表讲话指出：“5月13日,在菲律宾军方的策划和组织下,菲方两艘军舰和一艘运载菲律宾和外国记者的游船编队驶往南沙群岛美济礁进行所谓的'采访'活动。";"476";268
269;1995;"1995年5月13日凌晨,菲律宾海军一艘配有两架军用直升机的4000吨级登陆舰和一艘配备7门大炮的护卫舰所组成的编队,掩护一艘轮船,企图闯入美济礁湖区,轮船上载有国际媒体的记者。";"477";269
270;1995;"1995年5月,克林顿政府发表“南沙群岛与南海政策声明”,首次确认了美国在南海地区的利益及在这一问题上的相关政策。";"566";270
271;1995;"1995年5月,美国政府就南沙群岛问题发表正式声明,该声明虽然没有公开指责任何一方,但从字里行间不难看出,它主要是针对中国而发的。";"636";271
272;1995;"1995年5月26日,马哈蒂尔乘坐马来西亚伊加兰航空服务公司的“拉央拉央岛班机”,参加该班机首航弹丸礁的仪式,并在弹丸礁“过夜”。";"696";272
273;1995;"1995年5月,克林顿政府就中菲“美济礁事件”发表声明,宣称在南海“维护航行自由是美国的基本利益。";"712";273
274;1995;"1995年5月,克林顿政府发表《南沙群岛与南海政策声明》,①首次确认了美国在南海地区的利益及其在这一问题上的相关政策。";"725";274
275;1995;"1995年6月,美国国防部负责国际安全事务的副国务卿约瑟夫・奈在日本表示,如果南沙群岛发生军事行动并且妨碍了海上航行自由,美国就准备进行军事护航,以确保航行自由。";"637";275
276;1995;"②1995年8月,国务卿克里斯托弗在文莱再度表示,世界航运量的1/4要通过南海这一重要的海洋通道,亚太国家面临确保南海地区航行自由与稳定的挑战,而维护航行自由是美国的“基本利益”。";"13";276
277;1995;"实际上,中菲在1995年8月的一份关于南海问题的声明中就已经承诺要按照《联合国海洋法公约》的原则解决争议,该声明还提出争议应由直接有关国家解决。";"426";277
278;1996;"1995年美济礁事件和1996年台海危机引发了美国对中国和南海问题政策的微妙变化。";"234";278
279;1996;"1996年美国学者扬(ChristopherD．Yung)从中国海军发展战略的角度对中美在南海、东海等地区竞争主导权进行了深入研究。";"317";279
280;1996;"1996年,东盟外交部长在一项联合声明中号召把“南海行为准则”作为地区长期稳定的基础。";"372";280
281;1996;"1996年,东盟外交部长在一项联合声明中号召把“南海行为准则”作为地区长期稳定的基础。";"468";281
282;1996;"1996年雅加达东盟外长会议开始提出有必要制定南海行为准则。";"593";282
283;1996;"1996年12月,中美高层秘密会议涉及南海问题时,美国强调了对航行自由的态度及以《联合国海洋法公约》解决争端的原则。";"237";283
284;1996;"实际上,中国在1996年5月15日已经宣布,在西沙群岛采取直线基线。";"812";284
285;1997;"1997年亚洲金融危机及中国―东盟在“南海地区行为准则”（下述简称“行为准则”,COC）初次磋商过程中的交流与互动为中国―东盟全面对话关系建立后双方政治互信的增进提供了契机。";"249";285
286;1997;"早在1997年,美国和平研究所就提出一份名为《南海问题：预防外交的前景》的特别报告,建议将南海问题纳入美国战略利益考虑之中。";"618";286
287;1997;"2．1995～1997年,以1995年“美济礁事件”为标志,美国采取积极介入南海问题的政策,并表现出明显的干涉倾向。";"634";287
288;1997;"1997年,美国和平研究所起草了《开展预防性外交防止南海争端升级的特别报告》,报告强调美国在南海地区有其利益存在,称美国的南海政策必须包括两个方面：一是极力阻止任何一方采取单方面的军事解决行动；二是帮助所有争端方树立谈判解决问题的政治意愿。";"638";288
289;1997;"菲律宾占据了南海的９个岛屿和沙洲,并把南沙群岛的主体部分宣布为菲律宾的卡拉延群岛,建制卡拉延市,并于1997年提出主权要求,企图分割南海大约41万平方公里的海域。";"667";289
290;1997;"美国开始从亚太地区安全的角度重新审视南海争端,将其纳入1997年新美日安保指针的范围。";"756";290
291;1997;"1997年5月初,菲律宾出动侦察机和海军炮艇“吓退”在黄岩岛上开展活动的中外无线电业余爱好者。";"194";291
292;1997;"1997年5月中旬,一伙菲律宾议员登上黄岩岛,并竖起菲律宾国旗。";"195";292
293;1997;"1997年9月,“日美防卫合作指针”达成协议,将南海地区纳入安保范围,第一次透露了美国为南海地区利益可能做出的军事反应。";"238";293
294;1997;"1997年9月,美日就《日美防卫合作指针》达成协议,将南海地区纳入安保范围,第一次透露出美国为南海地区的利益可能做出的战略反应。";"567";294
295;1997;"1997年9月,美日就“日美防卫合作指针”达成协议,将南海地区纳入安保范围,第一次透露出美国为南海地区利益可能做出的战略反应。";"726";295
296;1998;"③在“南海地区行为准则”被提上日程后,东盟1998年在越南河内通过了“河内行动计划”,明确提出要建立地区行为准则。";"97";296
297;1998;"1998年,菲律宾挑起了第二次美济礁事件。";"384";297
298;1998;"1998年,菲律宾挑起了第二次美济礁事件。";"480";298
299;1998;"3．从1998年至今,美国把南海问题放到亚太安全战略的框架下,把介入南海问题作为遏制中国战略的重要组成部分。";"639";299
300;1998;"1998年《中华人民共和国专属经济区和大陆架法》第14条关于历史性权利的规定,清楚地表明了中国政府在南海断续线内问题上的立场,即:不因200海里专属经济区、大陆架等海洋区域制度的建立而影响、放弃中国在周边海域享有和可能享有的历史性权利。";"855";300
301;1998;"据1998年的统计资料显示,南海周边的东南亚国家已在南沙海域钻探了1000多口油气井,找到了97个油田和含油构造,95个气田和含气构造,其中位于中国断续疆域线以内的油田有28个、气井225个;石油总产量每天达200多万桶,主要开采国家为马来西亚、越南、印尼、文莱和泰国。";"869";301
302;1998;"当中国自1998年11月开始加固在美济礁的设施时,菲律宾要求东盟发表谴责性的联合声明的努力再次落空。";"67";302
303;1998;"然而,美国国防部1998年11月发布的《东亚及太平洋地区安全战略》(TheUnit\x1fedStatesSecurityStrategyfortheEastAsia-PacificRegion)完全没有提及南海问题。";"482";303
304;1998;"1998年12月在河内召开的第六次东盟峰会上,菲律宾被授予起草“南海行为准则”的任务。";"373";304
305;1998;"为此,国务卿克里斯托弗向菲律宾政府转达了他的要求,在菲律宾政府的安排下,1998年12月罗尔巴克尔搭乘菲律宾空军C-130飞机巡视了美济礁,并在之后展示了他拍摄到的中国军舰和中国在美济礁修建永久性设施的照片。";"385";305
306;1998;"1998年12月在河内召开的第六次东盟峰会上,菲律宾被授予起草“南海行为准则”的任务。";"469";306
307;1998;"为此,国务卿克里斯托弗向菲律宾政府转达了他的要求,在菲律宾政府的安排下,1998年12月罗尔巴克尔搭乘菲律宾空军C-130飞机巡视了美济礁,并在之后展示了他拍摄到的中国军舰和中国在美济礁修建永久性设施的照片。";"481";307
308;1998;"③邓小平说这番话的前一个月,即1998年3月14日,为响应联合国号召,在南沙建立科学观察站,中国海军在南沙赤瓜礁附近海域与越军展开激烈交战。";"446";308
309;1999;"⑤此后,马来西亚先后在1986年、1987年和1999年相继占领了安渡滩、南海礁、光星仔礁、南通礁和榆亚暗沙和簸箕礁。";"691";309
310;1999;"例如,早在1999年,澳大利亚外长多纳在东盟地区论坛曾就“南海行为准则”提出了一些非正式建议［29］。";"816";310
311;1999;"⑥1999年11月,由菲律宾、越南起草的“南海地区行为准则”草案被递交至东盟第三次非正式领导人峰会上讨论。";"87";311
312;1999;"③1999年2月11日,美国国务院副发言人詹姆斯?福利(JamesFoley)在一次新闻发布会上仍然表示,虽然中国在南海有主权争议的岛屿上进行建设是潜在的单边挑衅行为,但这种做法“远没有阻碍航行自由”,并且表示,“我们注意到有领土主权要求的国家过去在南海问题上的声明,包括1997年12月中国和东盟的联合声明,它们已经表示愿意通过和平方式并根据普遍承认的国际法来解决领土争端,包括1982年《联合国海洋法公约》。";"387";312
313;1999;"1999年2月12日在众议院国际关系委员会东亚和太平洋事务小组委员会举行的听证会上,美国负责亚太事务的助理国务卿斯坦利?罗斯(StanleyRoth)作证说,中国在南海的军力“并不是主要的安全威胁”。";"388";313
314;1999;"③1999年2月11日,美国国务院副发言人詹姆斯?福利(JamesFoley)在一次新闻发布会上仍然表示,虽然中国在南海有主权争议的岛屿上进行建设是潜在的单边挑衅行为,但这种做法“远没有阻碍航行自由”,并且表示,“我们注意到有领土主权要求的国家过去在南海问题上的声明,包括1997年12月中国和东盟的联合声明,它们已经表示愿意通过和平方式并根据普遍承认的国际法来解决领土争端,包括1982年《联合国海洋法公约》。";"483";314
315;1999;"1999年2月12日在众议院国际关系委员会东亚和太平洋事务小组委员会举行的听证会上,美国负责亚太事务的助理国务卿斯坦利?罗斯(StanleyRoth)作证说,中国在南海的军力“并不是主要的安全威胁”。";"484";315
316;1999;"实际上,对于南沙群岛能否采取直线基线的做法,我国台湾地区于1999年2月19日在公布的第一批“领海”基线表中确认南沙群岛全部岛礁为中国固有领土,而且确定其领海基线采直线基线和正常基线混合基线法划定,但有关基点名称?地理坐标及海图并没有公布。";"811";316
317;1999;"③1999年3月11日,负责公共事务的助理国务卿詹姆斯?鲁宾(JamesRubin)声明,美国的利益是在南海维持和平与稳定以及航行自由。";"389";317
318;1999;"③1999年3月11日,负责公共事务的助理国务卿詹姆斯?鲁宾(JamesRubin)声明,美国的利益是在南海维持和平与稳定以及航行自由。";"485";318
319;1999;"1999年5月,美国夏威夷东方研究中心研究员马克・瓦伦西亚在《远东日报评论》上撰文为菲律宾出谋划策,唆使菲律宾“将其声称对南沙岛礁拥有主权的法律依据公诸于众,并提议由国际法庭裁决”②之后,菲律宾曾威胁“如果中国继续在美济礁建造其设施”,它将就南沙问题寻求国际支持。";"929";319
320;2000;"对比1995-2000年间中越、中菲南海政策的协调成果,可以发现,中越、中菲在功能性问题上的共识基本处于同一水平。";"427";320
321;2000;"在2000年以前,中国与东南亚各国的南海地缘经济冲突主要以产品冲突、贸易冲突为主;在2000年以后,特别是近两三年来,则主要以资源冲突、汇率冲突为主。";"681";321
322;2000;"自2000年后,印度加强了同越南、印尼、马来西亚等国的军事联系,试图扩大对南海问题的发言权。";"878";322
323;2000;"④2000年1月7日,亚太事务助理国务卿罗斯同样强调,虽然在南沙群岛进行的军事设施建设是美国所担忧的,但它还没有构成对航行自由的阻碍和威胁,因为所有各方都表示它们不试图阻止国际航行自由。";"390";323
324;2000;"④2000年1月7日,亚太事务助理国务卿罗斯同样强调,虽然在南沙群岛进行的军事设施建设是美国所担忧的,但它还没有构成对航行自由的阻碍和威胁,因为所有各方都表示它们不试图阻止国际航行自由。";"486";324
325;2000;"早在2000年4月29日,菲律宾外交次长梅仁・马牙洛那就提出,把菲律宾的大陆架由目前的200海里延伸至350海里,以瓜分南海蕴藏的丰富石油。";"863";325
326;2000;"2000年5月24-25日在吉隆坡举行的第15次东盟与美国的对话中,美国官员指出,南海仍然是一个潜在的冲突之地。";"391";326
327;2000;"在中越、中菲围绕南海争端进行双边制度化的进程中,中国分别于1999年6月与马来西亚、2000年5月与印尼签署联合声明,表示要通过和平方式解决国际争端,共同维护南中国海的和平稳定。";"428";327
328;2000;"2000年5月24-25日在吉隆坡举行的第15次东盟与美国的对话中,美国官员指出,南海仍然是一个潜在的冲突之地。";"487";328
329;2000;"2000年7月,美国参加第七届东盟地区论坛的官员建议在讨论的问题中包括南海问题,并且建议,除了中国同东盟的对话之外,还应考虑采用其他有用的多边渠道。";"392";329
330;2000;"2000年7月,美国参加第七届东盟地区论坛的官员建议在讨论的问题中包括南海问题,并且建议,除了中国同东盟的对话之外,还应考虑采用其他有用的多边渠道。";"488";330
331;2001;"2001年九一一事件发生后,中美关系得到了改善,但该事件同时也对亚太地区产生了其他一些重要影响:美国加强了在南海的军事存在,开始了在中亚的军事存在,并加强了同印度的军事关系;此外,恐怖主义袭击扩大了日本和印度在南海的战略存在。";"393";331
332;2001;"2001年九一一事件发生后,中美关系得到了改善,但该事件同时也对亚太地区产生了其他一些重要影响:美国加强了在南海的军事存在,开始了在中亚的军事存在,并加强了同印度的军事关系;此外,恐怖主义袭击扩大了日本和印度在南海的战略存在。";"489";332
333;2001;"2001年3月,菲律宾时任总统阿罗约派遣特使杨应琳来华,表示菲律宾将遵守承诺,以和平方式,通过对话与协商,解决两国在南海问题上存在的分歧,菲律宾愿意为推进南海地区行为准则的制订做出积极努力。";"434";333
334;2002;"他指出,新加坡支持东盟和中国于2002年达成的《南海各方行为宣言》,认为该宣言是南海领域各方合作和保持稳定的重要信任措施,东盟与中国正在协商该宣言的落实纲领,新加坡希望各方就这些纲领尽快达成协议。";"61";334
335;2002;"相比之下,中国更倾向于主张依据国际法,结合历史与现实,通过多边路径来解决南海争端,2002年与东盟签订的《南海各方行为宣言》就充分体现了这一态度。";"126";335
336;2002;"中国倾向于通过多边路径来解决南海争端,这一态度最为明显的表现,就是2002年与东盟签署《南海各方行为宣言》(简称《宣言》)。";"130";336
337;2002;"因为其磋商是以中国为一方、以东盟为另一方进行的,其签署也是由这两方在2002年金边东盟首脑会上完成的；尽管当时每个东盟国家的代表都在《宣言》上面签署了自己的名字,但《宣言》在开头就说得很清楚:“中华人民共和国和东盟各成员国政府……谨发表如下宣言……”虽然可以肯定,东盟是对南海问题具有重要影响的一个区域性国际组织,但其毕竟不等于其成员国本身。";"131";337
338;2002;"还需要强调的是,中国与南海争端各方在2002年《南海各方行为宣言》中明确强调,依照《联合国宪章》、《联合国海洋法公约》以及其他公认的国际法原则来处理南海问题,可见中国就南海问题与相关国家进行谈判协商的基础不是经济实力或军事实力,而是包括《公约》在内的一般国际法原则与规则。";"138";338
339;2002;"2002年,中国与东盟签署《南海各方行为宣言》,各方承诺“在使争端复杂化或逐渐升级和影响和平与稳定的活动处理中实行自我克制,其中包括抑制在目前无人居住的岛、礁、滩、洲及其他地域的居住行动”等,缓解了南海地区的紧张局势。";"196";339
340;2002;"但是,截至2002年,菲律宾已在南海地区占据了“一席之地”,成为仅次于越南在南沙群岛驻扎部队最多的国家(如下表)。";"197";340
341;2002;"中国、东盟2002年签署的《南海各方行为宣言》不仅缓和了南海地区的紧张局势,也提出了“在争端全面与持久解决之前,有关各方可以寻求或进行合作活动”的倡议。";"198";341
342;2002;"①2002年《南海各方行为宣言》(以下简称《宣言》)的达成,很大一部分原因在于经济实力崛起的东盟的自信。";"311";342
343;2002;"菲律宾上述做法和声明严重违背了2002年《南海各方行为宣言》第5条规定的“各方承诺保持自我克制,不采取使争议复杂化、扩大化和影响和平与稳定的行动”,甚至连菲律宾国内舆论也认为“菲方就南海问题向中国发起强制仲裁程序不仅无助于问题的解决,而且将会导致菲中两国关系进一步恶化”。";"420";343
344;2002;"而且,1997年《中华人民共和国与东盟国家首脑会晤联合声明》(以下简称《声明》)和2002年《南海各方行为宣言》中确认了《公约》上述规定,事实上,菲律宾没有与中国就南海争端问题进行充分协商与谈判,在用尽磋商、谈判、交换意见、调解等程序之前,径行越过《公约》、1997年《声明》和2002年《南海各方行为宣言》的规定申请强制仲裁,违反了《公约》第281条和第286条规定义务。";"422";344
345;2002;"双方同意根据包括1982年《联合国海洋法公约》在内的公认的国际法准则,推动和平解决有关争议；双方一致同意尽快积极落实中国与东盟于2002年签署的《南海各方行为宣言》。";"435";345
346;2002;"①此外,越南国防部也不主张南海问题“国际化”,但是必须公开、透明,特别是要以2002年的《南海各方行为宣言》为基础达成行为准则。";"443";346
347;2002;"2002年签署的《南海各方行为宣言》是由于菲律宾和马来西亚等国反对,中国与东盟无法通过《南海地区行为准则》的一项政治妥协的产物。";"564";347
348;2002;"然而,这对南海主权争议矛盾的复杂性与尖锐性并没有实质影响,从2002年《南海各方行为宣言》签署至今,越南、菲律宾、马来西亚等国多达60余次违反这一宣言的状况来看,这一机制并不是解决南海问题切中要害的举措。";"565";348
349;2002;"例如,在东盟和中国于2002年签署的《南海各方行为宣言》中明确规定,“由直接有关的主权国家通过友好磋商和谈判,以和平方式解决它们的领土和管辖权争议。";"598";349
350;2002;"这在2002年与中国达成的《南海各方行为宣言》中得到重申。";"610";350
351;2002;"2002年,中国与东盟签署《南海各方行为宣言》；该宣言强调应本着合作与谅解的精神寻求建立相互信任的途径,加强海洋环保、搜寻与救助、共同打击跨国犯罪,为维护南海地区和平与稳定,促进开展更为务实的合作奠定了基础。";"642";351
352;2002;"世界权威能源咨询机构ＨＩＳ公司2002年的数据显示,南海上述周边四国已在中国Ｕ形线两侧钻各类探井1000多口,目前售出的合同区块共143个,区块总面积达26万平方公里,共发现约240个油气田,已探明石油可采量14.7亿吨,天然气4.1万亿立方米。";"668";352
353;2002;"但值得注意的新情况是,2002年《南海各方行动宣言》签订之后,只有中国恪守“共同开发”的诺言,其他国家纷纷抢占南海地盘,独自开发。";"682";353
354;2002;"2002年,东盟在落实《东盟南海宣言》的基础上,推动中国签署了《南海各方行为宣言》(DOC)。";"697";354
355;2002;"一方面,2002年《南中国海各方行为宣言》(DOC,以下简称《宣言》)的签订在为解决南海争端提供了政治基础的同时,也对南海安全形势“缓和”局面的形成产生了积极的影响;另一方面,菲律宾、越南等问题相关方近年来在南海主权争端方面采取的诸多单边行动,以及日本、印度等地区外力量加强对南海问题的介入,给南海安全形势带来了极为消极的影响。";"718";355
356;2002;"因此,美国与同样忧心忡忡的菲律宾和越南一直在积极鼓吹,要在2002年11月东盟与中国达成的《南海各方行为宣言》的基础上,制定“具有强制性约束力”的行为准则,试图以此对中国的行动自由加以限制,以免中国采取强硬的军事行动,改变“南海现状”。";"48";356
357;2002;"然而,东盟内部协商一致的成果并未得到中国的认可,东盟与中国在长达三年的协商过程中并未就“南海地区行为准则”达成一致,而是于2002年11月达成了一份对双方均具有妥协性的《南海各方行为宣言》。";"88";357
358;2002;"2002年11月,中国与东盟签署《南海各方行为宣言》(简称《宣言》)。";"176";358
359;2002;"2002年11月4日,中国和东盟10国在柬埔寨金边签署了《南海各方行为宣言》,该宣言包括四条基本原则:航行自由?自我克制?建立信任以及海上合作。";"261";359
360;2002;"2002年11月4日,中国和东盟10国在柬埔寨金边签署了《南海各方行为宣言》。";"272";360
361;2002;"在此基础上,2002年11月,中国进一步与东盟整体达成了《南海各方行为宣言》,把双边的制度化成果扩大为地区性共识。";"429";361
362;2002;"2002年11月,东盟与中国在柬埔寨金边签署《南海各方行为宣言》。";"594";362
363;2002;"中国与东盟各国于2002年11月达成的《南海各方行为宣言》是目前旨在保持南海地区和平的唯一框架文件,然而该宣言是各方妥协的结果,在内容和机制上相当不完备,例如没有提到地理范围、不能阻止各方在各自已经占领的岛礁上建立设施等等,在现实中已被证明失效。";"779";363
364;2002;"2002年11月,中国与东盟国家签署的《南海各方行为宣言》成为解决南海争端过程中具有里程碑意义的事件。";"794";364
365;2002;"2002年11月,中国与东盟签署了《南海各方行为宣言》,要求争端各方本着合作与谅解的精神,努力建立互信,保持自我克制,不采取使争议复杂化、扩大化和影响和平与稳定的行动。";"904";365
366;2002;"中国与东盟国家在2002年11月4日签署了《南海各方行为宣言》,各方均表示要保持自我克制,避免争端升级和复杂化影响地区和平和稳定。";"927";366
367;2002;"另据美国能源信息署2002年5月的资料,南海地区每天产出石油200万桶,每年产出天然气2．5亿立方英尺,其中文莱、马来西亚、菲律宾、越南、印度尼西亚5国每天产出石油合计152．5万桶,每年产出天然气1．8亿立方英尺,分别占总开采量的76．2%和72%(见表1)。";"677";367
368;2002;"2002年5月7日,菲律宾参议员罗伯特・贾沃斯基(RobertS.Jaworski)提出一项决议案,要求参议院专属委员会借提交外大陆架划界案之机,进一步巩固菲律宾对黄岩岛、卡拉延群岛以及南沙群岛其他部分岛礁的声称。";"864";368
369;2003;"④新加坡学者李泰(LeeLai)2003年就曾指出,虽然南海问题不是中美关系的重要议题,但由于意识到中国在东南亚迅猛增强的影响,借反恐战争机会,美国还是一方面加强同菲律宾等盟国的军事合作关系,另一方面也积极推动与东盟的经济合作,以维持美在该地区的主导地位。";"312";369
370;2004;"中菲相关协议也从来没有认为公约是确定中菲海洋权益的唯一依据,如《南海各方行为宣言》、中菲《关于21世纪双边合作框架的联合声明》、2004年中菲《联合新闻公报》。";"307";370
371;2004;"他提到2004年中国建议把2003年10月中国加入的《东南亚友好合作条约》变为“南海行为准则”,并建议在军事官员之间进行合作,还提到中国不久前与越南和菲律宾达成了在有争议的南沙群岛进行联合勘探的协议。";"394";371
372;2004;"他提到2004年中国建议把2003年10月中国加入的《东南亚友好合作条约》变为“南海行为准则”,并建议在军事官员之间进行合作,还提到中国不久前与越南和菲律宾达成了在有争议的南沙群岛进行联合勘探的协议。";"490";372
373;2004;"为此,美国同东南亚有关国家相继签署了一系列双边军事协定,1998年,美菲签订《部队访问协议》,2001年,美国“小鹰”号航母进驻新加坡樟宜军事基地,标志着美军自1992年撤出菲律宾苏比克湾以来开始重返东南亚,2002年的美菲《后勤互助保障协定》,使美军机和军舰可以自由出入菲领空和领海；自20世纪90年代中期以来,美国与东南亚国家在南海地区频繁举行军事演习,1999年达14次,2000～2002年共23次,2003年和2004年又陆续举行“肩并肩”、“金色眼镜蛇”、“卡拉特”等军事演习,尤其是美菲“肩并肩”军事演习,首次将演习地点定在有主权争议的南海海域。";"640";373
374;2004;"从南海开采的原油出口对越南的经济发展越来越重要,就以2004年来说,越南出口原油约196亿吨,总价值56.6亿美元。";"870";374
375;2004;"②这是继2004年11月中菲双方签署在南海共同研究油气资源协议的新进展。";"437";375
376;2005;"中菲2005年达成的南海合作本没有在菲律宾国内引起过多争议。";"287";376
377;2005;"中国外交部发言人提到南海问题的次数由2001年的２次增加到2004年的12次,2005年回落到４次,此后三年基本维持在这一水平。";"441";377
378;2005;"越南方面:2005年10月8日,中国总理温家宝访越时,两国签署了联合公报,双方承诺“在南海争端中保持克制,不采取单边行动恶化或者扩大争端”。";"910";378
379;2005;"③但2005年11月就发生了菲律宾无视中国对黄岩岛的主权,菲海警枪杀从事正常捕捞作业的中国渔民事件。";"433";379
380;2005;"2005年3月14日,来自南海争端矛盾较大的中、菲、越三国的石油公司在马尼拉签订《在南中国海协议区三方联合海洋地震工作协议》(以下简称《三方协议》)。";"719";380
381;2005;"2005年3月15日,中国、越南、菲律宾达成协议,对争议地区约1.4万平方千米的部分海域的油气资源进行共同开发,标志着南海相关争议方迈出了“搁置争议,共同开发”的第一步。";"795";381
382;2005;"尽管中国长期积极倡导在南海海域的共同开发,并促成中国海洋总石油公司与菲律宾国家石油公司于2004年9月1日签署“就南中国海中菲部分争议海域开展联合海洋地震工作协议”,又于2005年3月14日促成中、菲、越三国石油公司在马尼拉签署“在南海协议区三方联合海洋地震工作协议”,但这两个协议均无果而终。";"838";382
383;2005;"在2005年4月签署的联合声明中,双方对中菲越三国石油公司签订南海联合海洋地震工作协议表示欢迎。";"436";383
384;2006;"仲裁庭无视中菲南海争议的实质是领土争议并构成海域划界不可分割的组成部分,无视中菲双方已经选择通过双边谈判解决有关争议的共识,无视中国政府于2006年依据《公约》作出的排除性声明,完全不顾南海区域相关国家谈判解决争端的普遍愿望,完全不顾中国和相关国家为解决南海有关争端问题所作的努力和达成的共识,没有充分认识到菲律宾提起仲裁的行为违反了《南海各方行为宣言》所确定的和平解决争端的有关规定,滥用《公约》规定的仲裁程序,侵犯中方自行选择争端解决方式的权利。";"297";384
385;2006;"对黄岩岛法律地位的认定,直接关系到中、菲两国在黄岩岛海域的划界问题,属于中国2006年书面声明所排除的范围。";"423";385
386;2006;"在实体主张方面,菲律宾未直接要求仲裁庭解决中菲间存在的岛礁归属和海洋划界纠纷,而是要求仲裁庭对南海部分岛礁的法律地位进行判定、肯定菲律宾享有的海洋权利,以解释《公约》内容为幌子取得仲裁庭初步管辖权,企图绕开2006年8月25日中国向联合国秘书长提交的就《公约》第298条第1款(a)、(b)和(c)项所述的任何争端不接受《公约》第15部分第2节规定的任何国际司法或仲裁管辖的声明(以下简称“2006年排除管辖声明”)。";"417";386
387;2007;"2007年,菲律宾担任东盟轮值主席国,主持召开了东盟外长会议和东盟地区论坛,因此在当年南海问题不仅成为这两个会议的讨论内容,而且在会后发布的联合公报与主席声明中也有较大篇幅的描述。";"99";387
388;2007;"中国自2007年以来在南海地区的一系列“强势作为”均与其海军有关。";"541";388
389;2007;"这种独特的结构性依赖不仅说明中国南海的地缘经济处于明显的边缘地位,而且由于其出口贸易的持续增长主要是靠数量扩张而不是靠质量优势来维系的,所以中国南海的地缘经济容易受到外在经济动荡的直接冲击,典型的例子是1998年的亚洲金融危机和2007年美国次贷危机引发的世界性金融危机都在贸易、投资、汇率等方面对中国南海的地缘经济形成了直接或间接的冲击,加剧了中国南海地缘经济的脆弱性。";"676";389
390;2007;"为了保护这些利益,美国在南海地区也相应地采取了一系列遏制政策,包括:(1)加大介入的力度,防止中国成为南海地区占支配性地位的大国,特别是利用1998年亚洲金融危机和2007年美国次贷危机引发的世界性金融海啸的契机采取“附带政治条件的经济援助”的手段迫使东南亚国家开放资本市场、取消国家补贴,并按照自由市场模式改革金融体制,为美国占领南海周边地区市场和取得在政治上的主导权创造条件;(2)继续保持和加强在南海地区的军事存在。";"679";390
391;2007;"持干涉主张的学者和官员对美国南海政策影响日益增加的同时,西方主流媒体对2007年以来中国在南海地区各种措施不尽公允的报导,树立了中国南海政策过于强势的形象,其关于中国强势政策是导致南海地区局势紧张根本原因的观点也在客观上增加了美国积极介入南海事务的动力。";"733";391
392;2007;"①中国自2007年以来在南海地区所采取的一系列“强势作为”,包括执行南海禁渔令,向南海海底投放主权标志,向计划在南海进行油气资源探勘的外国石油公司施压,以及在南海举行军演等行为均与中国海军现代化有直接或间接的关系。";"742";392
393;2007;"2007年11月,中国政府批准在海南省设立县级的三沙市,③直接管辖西沙、南沙及中沙三个群岛。";"918";393
394;2007;"2007年1月,中国在南海西沙群岛的领海基点设置标志物后,越南表示严正抗议,指责中国侵犯越南主权,并表示中国设置的标志物无效。";"917";394
395;2007;"菲律宾方面:2007年3月,时任菲律宾国防部长的伊布达尼及其他高层军事人员亲自运送一套组装式净水设备到被菲律宾强占的南沙群岛中业岛(Pagasa),为岛上驻军提供固定的饮用水来源。";"914";395
396;2007;"2007年4月,越南租用了俄罗斯“波利什科夫院士”号勘测船,在越南5艘武装舰船的护卫下,在北至西沙、中沙南部、南至万安滩、东至越南领海基线算起350海里范围内的海域,实施拉网式的海洋地质调查。";"866";396
397;2007;"2007年4月,中国外交部提出抗议后,BP公司暂停在5.2区的地震勘探(该区在越南与南沙群岛之间,距离海岸约370公里),说是给两国政府一个“解决问题”的机会。";"871";397
398;2007;"2007年4月,越南在南沙群岛举行所谓的“国会代表”选举,并于2007年5月17日完成了投票。";"905";398
399;2007;"2007年4月,越南单方面启动与英国石油公司(BP)在南沙争议海域建设天然气田和管道的计划。";"911";399
400;2007;"2007年5月14日,居住在菲律宾宣称拥有主权的南沙群岛卡拉雅安(Ka-layaan)岛群的247位已注册选民,在菲律宾国会中期选举中完成投票。";"907";400
401;2007;"在2007年6月,越南出动了30余艘武装船只,对中国中石油集团在西沙海域实施海洋工程调查的作业船进行围堵和阻截,双方船只在海上形成对峙。";"867";401
402;2008;"2008年初,《远东经济评论》(FarEasternEconomicReview)刊登了一篇题为《菲律宾在南海的拙劣行径》的文章。";"288";402
403;2008;"2008年国民党重新执政以来,南海政策的总体思路回到1994年的政策轨道上,态度开始积极起来,不断重申“中华民国”对南海的“主权“与共同开发的立场,对一些涉及主权争端的具体事件,如菲律宾、马来西亚等国的挑衅,台湾地区“外交部”也都提出严重抗议。";"575";403
404;2008;"①有关资料显示,截至2008年,越南已从南沙开采了逾１亿吨石油、1.5万亿立方米天然气,获利250多亿美元。";"669";404
405;2008;"在2008年10月签署的中越联合声明中,双方第一次提及要按照包括1982年《联合国海洋法公约》在内的国际法所确认的法律制度和原则处理南海问题,越方还表示愿意在油气勘探、海洋环保、海洋科研、海上搜救及打击海盗等方面同中国合作。";"430";405
406;2008;"日本在2008年11月12日提交了如下七个不同地区的外大陆架:南九州―帕劳隆起地带、南硫黄岛地带、南鸟岛地带、茂木海底山地带、小笠原群岛高原地带、南冲大东岛隆起地带和四国山地地带。";"862";406
407;2008;"2008年1月11日,菲律宾众议院黎敏尼舍曾表示,菲律宾与中国同意在南海争议区域内设置一个捕鱼区,希望以此来减少该地区的紧张局势。";"879";407
408;2008;"2008年2月19日,作为国民党“总统候选人”的马英九公布“海洋政策”②,重申了台湾对东海和南海的主权,指出南海诸岛为“中华民国”固有领土,表示愿意和周边地区共同开发海洋资源,还希望与大陆及日本进行渔业谈判。";"517";408
409;2008;"2008年7月20日,越南又与美国石油公司埃克森―美孚达成一项油气初步勘探合作协议,其勘探地点就位于南沙中越争议的海域。";"872";409
410;2008;"2008年7月20日,越南与埃克森-美孚达成一项油气初步勘探合作协议,勘探地点恰好位于南海的中越争端海域。";"912";410
411;2008;"2008年8月11日,时任马来西亚国防部长的纳吉布率领约80名马来西亚记者登上南沙群岛燕子岛,并对该岛宣示主权。";"908";411
412;2009;"自《南海各方行为宣言》实施后,2009年南海地区安全形势再度出现紧张局面,制定“南海地区行为准则”的呼声再次出现,东盟以“集团方式”介入南海问题表现得更为显著。";"89";412
413;2009;"2009年以来,南海问题中区域外大国因素不断增强,越南、菲律宾等国鼓吹“南海地区行为准则”的声势也随之日渐高涨,南海问题面临着进一步“东盟化”的危险。";"94";413
414;2009;"尽管相关国家各自对南海岛礁及附属海域提出主权的根据存在冲突,范围存在重叠,但自2009年以来,以东盟为地区平台,加上域外国家的推波助澜,越南、菲律宾等国联合制华的趋势明显,在加强对南海断续线的关注和研究的同时,还先后颁布了海洋法或相关行政条例等,意在固化各自在南海的主权主张,同时为今后将争议提交国际法庭或是进行政治谈判积累重要证据。";"113";414
415;2009;"2009年以来,南海断续线引起了西方学者的高度关注,他们多从国际关系角度入手,研究议题逐渐集中于两方面:一是南海的航行自由与安全问题,二是中国外交政策的走向。";"115";415
416;2009;"2001年南海“撞机事件”和2009年“无瑕号事件”凸显了中美对于专属经济区管辖权的认知分歧,美国提升了对南海航行自由权的关注,而南海断续线附图的公布,进一步加强了美国的猜测和疑虑。";"116";416
417;2009;"较之国际社会对南海断续线的高度关注与争议,以及由此引发的周边国家与域外国家的外交举措,中国在2009年公布断续线后,官方至今没有后续的解释或行动,这在客观上造成了外界对中国在南海问题上采取模糊战略的误读,更重要的是,这实际反映了中国对断续线“外溢效应”的认知不足,以及关于解决南海问题的战略缺失。";"124";417
418;2009;"菲律宾不顾周边国家反对,于2009年单方面通过《领海基线法》并将8处有争议的南海岛礁划为其领土的行为,不过是单边主义日趋泛滥的冰山一角。";"125";418
419;2009;"实际上,近年来,越南、菲律宾和马来西亚等有关国家为防止“各自为战”以至被“各个击破”,在与中国对阵时,开始形成东盟国家联合对付中国的趋势,马来西亚《吉隆坡安全评论》2009年就曾鼓吹成立“南沙利益集团”与中国对抗。";"137";419
420;2009;"菲律宾对南海的权益诉求由来已久,但2009年以前却从未有过在南海问题上持续“加码”的做法。";"161";420
421;2009;"本来,2009年总统大选之前,阿罗约领导下的菲律宾政府在南海问题上采取的是相对温和的政策,但阿基诺三世上台后,受美国的影响,其南海政策急剧转变。";"240";421
422;2009;"2009年以来,随着南海问题的不断升温,越来越多的国内学者开始对中国的南海政策进行批判式反思。";"258";422
423;2009;"2009年以来,为重塑美国对东盟的主导性影响,美在“重返亚洲”的口号下,通过南海问题巩固并强化其在南海的军事存在,并借机加强与东盟的政治经济关系。";"313";423
424;2009;"作为对其他方违反《宣言》的回应,2009年以来,中国的南海政策更加自信。";"316";424
425;2009;"龙洪认为,东盟的一致立场是2002-2009年间南海形势稳定的关键,此后局势的动荡与其内部纷争密切相关。";"319";425
426;2009;"2009年以来,虽然越南官方以及权威媒体都表示要将南海形势控制在一定范围之内,但仍有一些不和谐音。";"320";426
427;2009;"对于2009年以来中国政府加强南海维权的举措,国外研究者出现了几乎一边倒的批评之声;对于主动挑事的越南、菲律宾则批评较少。";"322";427
428;2009;"2009年以来,由于联合国将各沿海国提交海域专属经济区和大陆架划界方案申请的最后期限定在2009年5月13日,因此南海周边各争议国无不抓紧瓜分中国南海断续疆域线内的岛礁与海域。";"324";428
429;2009;"东南亚对南海有主权要求的国家彼此之间也存在对抗,例如,1999年马来西亚空军在中国也申明拥有主权的榆亚暗礁驱逐了菲律宾空军的飞机;20世纪90年代马来西亚和印尼军舰在西里伯斯海因西巴丹和利吉丹群岛发生了冲突,2008-2009年因安巴拉特群岛发生冲突。";"355";429
430;2009;"从20世纪70年代开始,菲律宾非法侵占中国南沙群岛中的马欢岛等八个岛礁,2009年菲律宾公布的《领海基线法》更将中沙群岛的黄岩岛和南沙群岛中的75个岛礁、沙洲等划入该国领土。";"418";430
431;2009;"东南亚对南海有主权要求的国家彼此之间也存在对抗,例如,1999年马来西亚空军在中国也申明拥有主权的榆亚暗礁驱逐了菲律宾空军的飞机;20世纪90年代马来西亚和印尼军舰在西里伯斯海因西巴丹和利吉丹群岛发生了冲突,2008-2009年因安巴拉特群岛发生冲突。";"451";431
432;2009;"然而,从2009年开始,南海问题开始成为美国全球事务和亚太事务的关注重点之-一。";"491";432
433;2009;"2009年,希拉里宣布“重返”东南亚之后,美国即开始调整过去不主动介入南海争端的中立政策。";"526";433
434;2009;"2009年,越南、菲律宾、马来西亚等国强化南海既得利益的行为与美国多次公开指责中国造成南海地区局势紧张的言论相互影响,形成美国和越、菲、马等国在南海问题及地区安全方面相互支持、共同针对中国的趋势。";"539";434
435;2009;"2009年提交外大陆架划界案之后,马来西亚对中国南海政策一直保持着高度警觉和相对强硬的态度。";"548";435
436;2009;"2009年以来,美国与东南亚国家多次公开指责中国南海“九段线”内权利主张不符合国际法原则,抨击中国在南海问题上的“强势作为”是南海地区形势恶化的主要原因。";"561";436
437;2009;"考虑到2001年中美撞机事件与2009年“无暇号事件”都与美国所谓航行自由有关,美国的南海政策与中国南海权益主张之间爆发潜在冲突的可能性正在增加。";"569";437
438;2009;"按此速度发展,可以预计2009年之后的中国―――东盟货物贸易将很可能呈现出超且其幅度不断增加的态势,由此带来的中国与南海周边东盟各国的贸易冲突也将由潜在矛盾转变为现实矛盾。";"678";438
439;2009;"尤为值得关注的是,2009年以来菲律宾、越南等国屡次违背《宣言》的精神,再度使南海安全形势骤然趋向紧张。";"720";439
440;2009;"自2009年美国提出“重返”东南亚以来,与越南推动南海问题国际化、多边化的政策遥相呼应,在南海问题上形成了区域外大国与东南亚国家共同针对中国的基本态势。";"724";440
441;2009;"2009年美国宣布“重返”东南亚以来,华尔特・罗曼等人一直试图影响奥巴马政府南海政策的制定。";"730";441
442;2009;"②参议员杰姆・韦伯(JimWebb)自2009年以来在国会举行的有关中美关系及东亚主权与海洋争议问题的听证会上也多次提出,美国应在南海岛礁领土主权问题上支持菲律宾与越南的立场。";"731";442
443;2009;"2009年,美国在多种场合支持越南的南海权益主张,拉近了美越关系。";"737";443
444;2009;"2009年以来,奥巴马政府要员多次发表公开言论,指责中国应对南海的紧张局势负责。";"741";444
445;2009;"考虑到2001年中美军机擦撞事件与2009年“无暇号事件”都与美国所谓航行自由有关,美国的南海政策与中国南海权益主张之间爆发潜在冲突的可能性正在增加。";"745";445
446;2009;"2009年以来,美国多次公开指责中国南海“历史性水域”依据不符合国际法原则,并抨击中国在南海问题上的强势作为。";"749";446
447;2009;"对于奥巴马政府在南海问题上一味指责中国的政策,澳大利亚学者山姆・贝特曼(SamBateman)撰文指出,越南与马来西亚向联合国提交外大陆架划界申请是2009年以来南海形势紧张的主要原因之一。";"750";447
448;2009;"中国2009年以来维护南海主权的举动,如中美船舰的海上对峙、向南海海底投放主权标志、北海舰队在南海的对抗演练和东海舰队在西太平洋的反潜演习等,使奥巴马政府认为中国可能采取扩张性和挑衅性的立场;加之媒体对南海是中国“核心利益”的夸张解读加深了美国的疑虑,⑥于是从速推进在南海问题上牵制中国的战略步伐。";"763";448
449;2009;"2001年中美南海撞机事件是一个先兆,2009年的“无暇”号事件是又一次警讯。";"769";449
450;2009;"2009年以来,奥巴马政府在南海周边和环太平洋地区多次组织规模庞大的双边、多边军事演习,例如美国组织了与文莱、印尼、马来西亚、菲律宾、新加坡、泰国的“卡拉特”多国联合水上战备训练；与菲律宾的“肩并肩”联合军演；以及组织了有印尼、日本、马来西亚、荷兰、秘鲁、韩国、新加坡和泰国等14国参加的范围更为广泛的“环太平洋军事演习”。";"777";450
451;2009;"从2009年美国高调介入南海争端开始,“航行自由”(FON)一直是中美就南海问题争论的重点,但这个争论更多地停留在外交层面上的相互指责,并且美国在中国南海进行的“航行自由行动”(FONOP)一直保持低调。";"781";451
452;2009;"①这些进展将使得中国和东盟其他南海声索国的紧张关系有所缓解,自2009年以来美国利用中国与东盟分歧介入南海争端的政策效应有可能逐渐下降,如果这种“离岸平衡”政策难以为继,美国很有可能选择直接介入。";"791";452
453;2009;"对于2009年以来美国派出各种船只在南海频繁活动的行为,中国政府改变了以往仅表示外交抗议的做法,进而在行动上也表现出中国的立场。";"801";453
454;2009;"2009年,中国政府在提交给联合国的照会中附有标注断续线的南海地图。";"854";454
455;2009;"2009年中国政府就越南等国南海200海里外大陆架划界案提交给联合国的照会中附有标注断续线的南海地图,以符合国际法的方式重申了在南海的权利主张。";"856";455
456;2009;"事实上,直到2009年,菲律宾才出台2699号法案（“关于领海基点问题的法案”）,才首次把“卡拉延群岛”和黄岩岛列为其国土。";"889";456
457;2009;"不可篡改的法律事实是：菲律宾是2009年之后才正式在法律上把所谓“卡拉延群岛”和黄岩岛划为其本国领土的。";"890";457
458;2009;"实际上,菲律宾2009年通过该法案是典型的做贼心虚的举动,是因为菲律宾发现自己根本就不具有主张“卡拉延群岛”和黄岩岛领土主权的法律依据,才不得不出台该新法案,试图去填补这个致命的法律缺陷。";"893";458
459;2009;"②中国在南海进行伏季休渔已有11年,在过去10年里,越南从未对中国在南海的休渔政策提出异议,而2009年首次提出抗议,明显别有用心。";"921";459
460;2009;"②东南亚国家出于大国制衡的目的也一直希望美国积极参与到南海事务中,新加坡资政李光耀2009年10月在华盛顿的讲话可为代表。";"758";460
461;2009;"2009年11月,越南以准官方名义召开南海问题国际研讨会,正式开启了其推动南海问题多边化和外部化进程［1］。";"521";461
462;2009;"2009年2月2日,菲律宾众议院以177票赞成、3票反对,通过了“菲律宾领海基线法案"",把中国的黄岩岛和南沙群岛部分岛礁划入菲律宾版图；2009年2月17日,菲律宾国会通过了该法案。";"53";462
463;2009;"2009年2月,菲反对党还成功地推动参?众两院通过国内立法,将南沙部分岛礁和黄岩岛划入菲律宾领土。";"289";463
464;2009;"2009年2月17日,菲律宾国会通过了“领海基线法案”,把中国的黄岩岛和南沙群岛部分岛礁划为菲律宾领土；5月6日,马来西亚与越南联合向联合国大陆架界限委员会提交了他们各自在南海南部的200海里外大陆架“划界案”,5月7日,越南又单独提交了在南海中部部分地区的外大陆架“划界案”；7月2日,马来西亚《吉隆坡安全评论》居然刊登了一篇文章,以南海周边国家向联合国提交大陆架外部界限引起的纷争为背景,鼓吹形成一个东南亚的“南沙集团”与中国争夺南海。";"325";464
465;2009;"回顾近两年的南海争端,其爆发之势呈一波未平一波又起的递进状态:2009年2月菲律宾国会通过“领海基线法案”,将黄岩岛和南沙部分岛礁划归己有;3月,时任马来西亚总理巴达维(AbdullahBadawi)登上南沙的弹丸礁和光星仔礁“宣示主权”;中越南沙之争延烧到海外,大批越南裔侨民聚集到中国使领馆门前发起抗议。";"772";465
466;2009;"2009年2月17日,菲律宾国会通过了“领海基线法案”,把我国的黄岩岛和南沙群岛部分岛礁划为菲律宾领土;2009年5月6日,马来西亚与越南联合向联合国大陆架界限委员会,提交了他们各自在南海南部的200海里外大陆架“划界案”;2009年5月7日,越南又单独提交了在南海中部部分地区的外大陆架“划界案”。";"861";466
467;2009;"2009年2月2日,菲律宾众议院以177票赞成、3票反对,通过了“菲律宾领海基线法案”,把我国的黄岩岛和南沙群岛部分岛礁划入菲律宾版图。";"865";467
468;2009;"例如,对于2009年2月17日菲律宾通过《领海基线法案》占领黄岩岛和南沙群岛部分岛礁的行为,越南就进行了抗议。";"928";468
469;2009;"④尤其是随着近年来中国的迅速崛起,对此充满疑惧的美国不断加强对中国的海空侦察,并导致2001年4月中美南海撞机事件,以及2009年3月美国“无瑕号”间谍船遇阻等一系列事件的爆发。";"14";469
470;2009;"例如,2009年3月10日,菲律宾通过并签署了新的《领海基线法案》,单方面将中沙群岛的黄岩岛和南沙群岛的中业岛等部分岛礁划入菲领土,以国内法加强对南海争议岛礁的主权声索。";"104";470
471;2009;"2009年3月10日,时任菲律宾总统阿罗约签署“领海基线法”,将中国的南沙部分岛礁和黄岩岛划入菲律宾领土范围,更是将中菲南海争端扩大化;4月8日,菲律宾向联合国大陆架委员会提交了该国大陆架外部界限主张,侵犯了中国在南海的主权、主权权利和管辖权。";"132";471
472;2009;"2009年3月10日,菲律宾通过并签署了新的“领海基线法案”,⑤确立了新的将南沙群岛部分岛礁纳入管辖的制度。";"150";472
473;2009;"此后,菲律宾又于2009年3月推出《领海基线法》,以国内法加强对南海地区的声索。";"199";473
474;2009;"2009年3月19日,越南和中国同意建立领导人热线电话机制,①而在此两周之前南海发生中国渔船对峙美国“无暇号”军舰事件,一周之前菲律宾通过“领海基线法案”,宣布对南沙群岛部分岛屿和黄岩岛拥有主权。";"431";474
475;2009;"2009年3月,菲律宾公然将黄岩岛和南沙部分岛礁列为菲国领海基点,台“外交部”约见菲律宾驻台代表白熙礼提出了严重抗议,针锋相对地重申这些岛屿主权属于“中华民国”,任何国家无权以任何理由或方式予以主张或占据。";"518";475
476;2009;"③2009年3月,菲律宾通过了时任总统阿罗约签署的《领海基线法》,这项法律界定了菲律宾自认的专属经济海域,并再次宣称对位于其西部海域、有争议的南沙群岛具有“主权”。";"671";476
477;2009;"2009年3月9日,美国“无暇号”监测船在中国南海海域作业遭到了中国渔船的“围堵”。";"721";477
478;2009;"2009年3月“无暇号事件”后,中国首度向世界公布南海海域九条断续线图,派遣渔政船到南海执行定期巡航与护渔任务,并扣捕了侵入中方水域违反伏季休渔规定的越南渔船。";"734";478
479;2009;"2009年3月8日,美国海军监测船“无暇号”在靠近海南岛的中国专属经济区活动时,与中国发生现场对峙。";"799";479
480;2009;"联合国将各沿海国提交外大陆架划界案的最后期限定在2009年3月15日,是造成南海周边国家抓紧瓜分南海岛礁与海域的主要原因;南海周边国家极力引进外国公司参与南沙海域的油气资源开发,是造成南海问题复杂化的另一原因;南海周边某些东南亚国家为争夺南海海域主权而加强沿岸的潜艇部署,以及包括美国在内的区域外大国的介入,是南海问题进一步激化的第三个原因。";"880";480
481;2009;"③2009年3月5日,时任马来西亚总理的巴达维与海军司令阿都阿兹加法上将以及陆军司令来到南沙群岛的弹丸礁(马来西亚称“拉央拉央岛”),首次以总理身份宣示马来西亚“拥有”此片领土。";"909";481
482;2009;"尽管中国一直在反对和严正抗议,菲律宾总统阿罗约还是于2009年3月10日签署第9522号共和国令,使备受争议的《领海基线法案》成为法律,将黄岩岛和南沙群岛的自由群岛列为菲律宾“所属岛屿”。";"916";482
483;2009;"2009年3月16日,文莱和马来西亚就划分南海200海里专属经济区和大陆架达成一致协议,中国部分南海海域被两国所瓜分。";"925";483
484;2009;"2009年3月,中国渔政311船抵达西沙永兴岛,担负起专属经济区的巡航管理任务,西沙、南沙、中沙群岛的护渔护航任务,北部湾联合监管以及渔业突发事故的救援工作。";"930";484
485;2009;"在2009年4月泰国芭堤雅召开的东盟峰会发表的《联合公报》,只有两条涉及南海问题。";"607";485
486;2009;"2009年4月25日,越南在地区各国压力②和国内经济与政治的压力下,违反了中越双方在南海问题上达成的共识,违背了不采取使局势复杂化行动的承诺,任命了监管西沙群岛的政府机构主席,以宣示对该群岛拥有主权。";"906";486
487;2009;"2009年4月17日,越南河内市委副书记率团登上“长沙岛”,出席所谓“首都宾馆”的奠基仪式,准备进一步开发南沙旅游。";"913";487
488;2009;"直到2009年5月,中国向大陆架界限委员会提交照会,照会中附有一份标有南海断续线的地图,关于断续线的性质和法理依据才开始引起国际社会的广泛猜测,南海周边国家纷纷向中国提出抗议,美国等域外国家也借口断续线妨碍南海的航行自由与安全,积极介入南海问题。";"102";488
489;2009;"直到2009年5月,各国掀起了提交“外大陆架划界案”的热潮,越南、菲律宾、印度尼西亚和马来西亚等南海相关国家先后修改了本国的大陆架法,并陆续向大陆架界限委员会提交了七个划界案。";"103";489
490;2009;"在修改国内立法的基础上,越南、菲律宾、印度尼西亚和马来西亚分别向联合国提交了外大陆架划界申请案,2009年5月6日,马来西亚和越南还联合提交了200海里外大陆架划界案,将包括南沙群岛在内的南海南部大片海域作为两国共同的外大陆架,这些划界案不同程度地侵害了中国在南海的主权、主权权利和管辖权。";"105";490
491;2009;"针对这种情况,2009年5月7日,中国外交部通过联合国秘书长向大陆架界限委员会提交了照会,明确指出：”中国对南海诸岛及其附近海域拥有无可争辩的主权,并对相关海域及其海床和底土享有主权权利和管辖权。";"106";491
492;2009;"⑥2009年5月,马来西亚和越南向联合国相关委员会提交了200海里“外大陆架划界案”,其中值得注意的是,两国对专属经济区的划定都是从陆地上的基线量起,而不是从其所主张的南海岛屿量起。";"269";492
493;2009;"同时,2009年5月一些国家相继提出了自己在南海的主权要求,一些东南亚国家的安全担忧同美国对航行自由的担忧产生了重合,中国对南沙群岛的主权要求于是成为它们的一个共同关注的焦点。";"412";493
494;2009;"同时,2009年5月一些国家相继提出了自己在南海的主权要求,一些东南亚国家的安全担忧同美国对航行自由的担忧产生了重合,中国对南沙群岛的主权要求于是成为它们的一个共同关注的焦点。";"508";494
495;2009;"2009年5月,中国向联合国秘书长提交了附有“南海九条断续线”地图的外交照会。";"568";495
496;2009;"2009年5月6日,马来西亚与越南联手向联合国大陆架界限委员会提交“200海里外大陆架划界案”,声称对所占岛礁拥有主权,并表示要在南沙海域设立“潜艇作业区”。";"698";496
497;2009;"“2009年5月,中国向联合国秘书长提交了附有‘南海九条断续线’地图的外交照会。";"711";497
498;2009;"2009年5月,中国向联合国秘书长提交了附有“南海九条断续线”地图的外交照会。";"744";498
499;2009;"2009年5月6日越南和马来西亚联合提交了200海里外大陆架“划界案”,几乎侵蚀了整个南海,以及随后越南单独提交“划界案”声称对中国南沙群岛和西沙群岛拥有主权,更是引起了国际社会的广泛关注和极大的争议。";"809";499
500;2009;"2009年5月7日,针对越南和马来西亚在南海的外大陆架联合提案,中国外交部在通过联合国秘书长向大陆架界限委员会提交的一份照会中做出过如下声明：“中国对南海诸岛及其附近海域拥有无可争辩的主权,并对相关海域及其海床和底土享有主权权利和管辖权。";"824";500
501;2009;"2009年5月,越南单独及与马来西亚联合,提交了关于南海北部和南海南部200海里外大陆架划界案,分别涉及西沙海域和南沙海域7.8万和4.5万平方公里的海床和底土。";"841";501
502;2009;"2009年5月6日,越南与马来西亚联合向联合国大陆架界限委员会,提交了他们各自在南海南部的200海里外大陆架“划界案”;2009年5月7日,越南又单独提交了在南海中部部分地区的外大陆架“划界案”。";"868";502
503;2009;"2009年5月16日,中国渔业部门为保护南海生态环境和渔业资源、阻止非法捕鱼和保护中国渔民,⑤比往年提前15天在南沙群岛和西沙群岛周围的专属经济区①实施休渔。";"919";503
504;2009;"2009年5月6日,越南和马来西亚向大陆架划界委员会联合提交了200海里以外大陆架划界方案,将中国南海的大片海域划为两国共同的200海里以外大陆架。";"922";504
505;2009;"2009年5月7日,越南又单独提交了一份划界方案,将中国南海大片海域划为其200海里以外大陆架。";"923";505
506;2009;"⑤2009年5月11日,文莱也采取相同的行动,试图侵占中国南海的大片海域。";"924";506
507;2009;"2009年6月,在访华前夕,马来西亚总理纳吉布讲话称“中马可利用现有机制探讨南海问题。";"699";507
508;2009;"对此,越南首次对中国渔业部门的休渔令表示抗议,并于2009年6月8日称中国在南海的休渔令“侵犯了其权益”,并要求中国取消禁渔令。";"920";508
509;2009;"2009年6月20日,广西8艘渔船在中国南沙海域传统渔场内正常作业时,被印尼渔业执法船抓扣。";"926";509
510;2009;"2009年7月,美国助理国防部长帮办罗伯特・谢尔(ＲobertScher)在参议院作证时便声称,中国基于历史权利对南沙和西沙提出的领土主张“没有得到国际承认”。";"27";510
511;2009;"⑤进入21世纪后,印度、日本与美国先后于2003年10月、12月和2009年7月签署了《东南亚友好合作条约》,积极支持东盟主导的一系列多边机制,与此同时,他们还不断扩大在东南亚地区的政治、经济与军事影响力,加大对南海问题的介入力度。";"93";511
512;2009;"2009年7月,为了催促奥巴马介入中国南海争端,美国国会参议院外交关系委员会举行了听证会,探讨在南海地区“面对中国不断增强的军事实力”以及潜在的“亚洲争端”,美国应当扮演怎样的角色,呼吁美国应该为亚洲地区其他国家提供保护伞,避免中国在该地区的“军事恫吓”,同时维持美国海上力量的质量与优势。";"581";512
513;2009;"据2009年7月2日马来西亚《吉隆坡安全评论》的一篇文章称,如果中国在南沙问题上持强硬立场,会催生东南亚“南沙利益集团”的成形。";"582";513
514;2009;"2009年7月,美国参议院外交委员会举办了一场题为“东亚主权与海洋争议”的听证会,美国海军战争学院教授彼得・达顿在会上表示:“鉴于中国主张南海所有岛屿为其领土,且这些岛屿完全由中国《领海法》、《专属经济区与毗连区法》等有关法律所规范,南海海域将全部成为中国的专属经济区,②美国在南海地区的航行自由与其他军事活动将受到严重影响。";"746";514
515;2009;"在这一波风潮挟裹之下,美国行政当局尽管表态相对谨慎,却也不再掩饰其倾向性:五角大楼助理国防部长帮办罗伯特・谢尔(RobertScher)在2009年7月15日的参议院听证会上说,中国对南沙和西沙提出的领土主张没有得到国际承认。";"761";515
516;2009;"2009年7月2日,马来西亚《吉隆坡安全评论》刊登了一篇文章,以上半年向联合国提交外大陆架划界案引起的纷争为背景,鼓吹形成一个东南亚的“南沙集团”,与中国争夺南海。";"877";516
517;2009;"2009年8月15日,菲律宾政府批准与一家英国公司合作勘探中国南沙礼乐滩附近的油气资源。";"672";517
518;2009;"2009年8月,马来西亚新任总理纳吉布访问文莱时,向文莱苏丹博尔基亚提出,两国可探讨在南海争议水域进行联合开发,并将联合开发计划列入两国有关陆地和海洋划界的“交换书”框架。";"700";518
519;2009;"2009年8月19日,曾牵头举行有关中国南海争端听证会、美国参议院外交事务委员会亚太小组主席韦伯在访问越南时直言宣称,“美国作为一个国家的外交立场,是希望在该区域成为`平衡'中国的势力”①。";"722";519
520;2009;"③2009年8月,韦伯在访问越南时再度表示,美国应在南海岛屿主权争议问题上与越南站在一起。";"732";520
521;2009;"最近,据《菲律宾商报》2009年8月15日报道,菲律宾政府已批准英国公司ForumEnergy及其合作伙伴,勘探南沙群岛礼乐滩(RedBank)的石油和天然气资源。";"874";521
522;2009;"⑤据《菲律宾商报》2009年8月15日报道,菲律宾政府已经批准英国公司ForumEnergy及其合作伙伴勘探南沙群岛礼乐滩的石油和天然气资源。";"915";522
523;2010;"②2010年,越南利用担任东盟轮值主席国的便利热炒南海问题,这一行为与美国高调介入南海事务的政策不谋而合。";"54";523
524;2010;"①奥巴马政府不仅在2010年通过美国―东盟峰会机制确立了与东盟的合作框架,巩固与马来西亚的关系,而且一改以往不支持南海争端任何一方的原则,在公开场合表达在中马南海争端中支持马来西亚的立场。";"58";524
525;2010;"《南海各方行为宣言》签署后,菲律宾、越南两国不仅一再强调要建立“南海地区行为准则”,而且还利用其2007、2010年担任东盟轮值主席国之机提升东盟介入南海问题的程度,并以东盟为平台推动南海问题进一步向国际化方向发展。";"98";525
526;2010;"越南利用这一时机不仅将南海问题列入由其主持的一系列会议议程中,还特别在2010年举行了第16次和17次东盟首脑峰会,强调建立“南海地区行为准则”的必要性。";"100";526
527;2010;"与2010年下半年相比,菲律宾在南海问题上的态度和做法更加强硬。";"207";527
528;2010;"2010年下半年至今,菲律宾针对中国在南海争端问题上做出众多激进举措。";"248";528
529;2010;"2010年,阿基诺三世靠打反腐牌在大选中取得胜利,并在上台后改弦更张,在南海问题上挑衅中国。";"286";529
530;2010;"2010年至今是冷战后美国南海政策的第三个时期,它显示出两个重要特点:一是美国对在南海航行自由的担忧加剧了,二是美国在南海主权问题上实际上做了选边。";"396";530
531;2010;"从2010年至今,随着美国把战略重心转移到亚太地区,南海领土问题成为美国在亚太地区关注的重点,在南海问题上发言的官员的级别也提高到国务卿和国防部长等内阁重要官员。";"397";531
532;2010;"2010年中国海军在南海举行了三次军事演习,分别是在4月初、7月上旬和7月下旬。";"399";532
533;2010;"①2010年越南成为东盟轮值主席国,它在使南海争端国际化方面的自身利益也促使其努力把美国推向这个方向。";"413";533
534;2010;"进入2010年后,越南国防部接连对南海问题进行表态,除了强调和平谈判之外,也提及不要让外面的敌对势力利用、煽动和挑拨中越两国关系。";"442";534
535;2010;"2010年至今是冷战后美国南海政策的第三个时期,它显示出两个重要特点:一是美国对在南海航行自由的担忧加剧了,二是美国在南海主权问题上实际上做了选边。";"492";535
536;2010;"从2010年至今,随着美国把战略重心转移到亚太地区,南海领土问题成为美国在亚太地区关注的重点,在南海问题上发言的官员的级别也提高到国务卿和国防部长等内阁重要官员。";"493";536
537;2010;"甚至有人认为,在2010年之后的两年中,围绕南海冲突的外交主导了美国在东南亚的行动。";"494";537
538;2010;"2010年中国海军在南海举行了三次军事演习,分别是在4月初、7月上旬和7月下旬。";"495";538
539;2010;"①2010年越南成为东盟轮值主席国,它在使南海争端国际化方面的自身利益也促使其努力把美国推向这个方向。";"509";539
540;2010;"［摘要］2010年以来,在美国高调介入南海地区事务以及越南推动南海问题多边化与外部化政策的影响下,东盟对南海问题的影响日趋增强,主要南海权益争端国家对中国的态度趋向强硬。";"519";540
541;2010;"2010年,越南担任东盟轮值主席国期间热炒南海问题的行动与美国高调介入南海事务的政策改变了南海地区虽有潜在冲突却相对稳定的形势。";"520";541
542;2010;"2010年,南海问题被相继纳入东盟主导的各类政治安全对话及相关会议议题。";"533";542
543;2010;"东盟2010年相关会议首先强调以国际法原则约束南海各方的行为。";"535";543
544;2010;"2010年东盟相关会议均高度评价了《南海各方行为宣言》。";"536";544
545;2010;"东盟2010年所主导的系列会议高度关注南海问题,以及期望在东盟体制下约束南海问题的发展方向。";"537";545
546;2010;"2009年7月,美国海军战争学院教授彼得・达顿在美国参议院外交委员会举办的“东亚主权与海洋争议”听证会上,发表了“南海九段线”主张将使“全部南海海域统统成为中国专属经济区”,“美国在南海地区的航行自由与其他军事活动将受到严重影响”的言论,以及2010年美国公布的四年防务评估报告、中国海军现代化研究报告,以及美中经济安全审议委员会年度报告确立了美国在南海问题上对中国的政策基调。";"540";546
547;2010;"考虑到2010年美国南海政策的走势,以及美国积极发展与印度尼西亚关系等事实,美国势必持续其介入南海问题的政策。";"559";547
548;2010;"综合2010年以来南海问题与南海地区形势的发展情况来看,越南、菲律宾等国对既占岛礁和资源政策的扩张化,南海争端问题的尖锐化,相关国家处理争端政策的强硬化,南海问题解决机制的东盟化,以及区域外强国介入南海事务的常态化已经成为中国和平维护南海权益不得不面对的国际挑战。";"560";548
549;2010;"2010年,在美国的参与下,东盟机制对南海问题的影响力显著增加。";"563";549
550;2010;"根据2002年的“中国东盟全面合作框架协定”,中国―东盟自由贸易区将于2010年建成,当这个拥有17亿消费者、近20000亿美元国内生产总值、12000万亿美元贸易总额的经济区,并且是世界上人口最多的自由贸易区建立之后,中国与东盟相关国家在南海问题上“搁置主权争议”和“合作开发”将获得更有利的物质条件和更有保障的制度环境。";"580";550
551;2010;"2010年以来,随着南海局势的持续升温,东盟加大了介入南海问题的力度。";"584";551
552;2010;"例如,2010年越南成为东盟轮值主席国,南海问题于是成为当年东盟地区论坛讨论的热点。";"615";552
553;2010;"2010年在越南河内举办的东盟地区论坛上,美国国务卿希拉里公开声称美国在南海拥有航行自由的重要利益,以此作为介入南海议题的依据。";"619";553
554;2010;"2010年,奥巴马政府正式确立了美国与东盟的合作架构,发展了与越南、印度尼西亚的关系,巩固了与菲律宾、马来西亚的关系,并通过一系列军事、准军事联合演习强化了对南海地区安全局势的影响力。";"736";554
555;2010;"2010年,奥巴马政府高层政要开始偏离美国不支持南海争端任何一方的基本原则,多次在公开场合表达了美国在中菲、中马南海争端中支持菲律宾和马来西亚的立场。";"739";555
556;2010;"⑥由于在南海问题上表达与东南亚各国一致的立场便于美国在增强与东南亚各国关系的同时达到遏制中国战略影响力的目的,因此,支持东盟所主导的系列会议讨论南海问题,反对中国南海权益主张就成为2010年奥巴马政府联合东南亚国家向中国施压的必然选择。";"743";556
557;2010;"这种情形下,美国2010年参与东盟地区论坛、东盟外长扩大会议、东盟防长扩大会议和东亚峰会期间所取得的成就,以及其在协助越南将南海问题纳入东盟会议议程过程中所发挥的作用,均对中国的南海战略决策提出了新的挑战。";"747";557
558;2010;"在2010年担任东盟轮值主席国期间,越南积极推动南海问题国际化、多边化,刻意拉拢区域外强权介入南海事务,成为南海问题持续升温的关键因素。";"751";558
559;2010;"2010年《美国与东盟联合声明》表达了将现有美国、东盟合作框架用于支持南海争端当事国援引国际法和平解决争端的共同立场。";"766";559
560;2010;"2010年越南抓住担任东盟轮值主席国的时机推动南海争端国际化,与美国深度介入南海的打算不谋而合,南海问题成为东盟系列国际会议的焦点议题。";"767";560
561;2010;"2010年美国和部分东南亚国家在东盟地区论坛上集中攻击中国的南海权益主张。";"773";561
562;2010;"在2010年的东盟论坛上,中国外长也是在忍无可忍的情况下,才驳斥了美国国务卿希拉里所谓的“维护南海航行自由”的言论。";"883";562
563;2010;"2010年10月,盖茨出席第一次东盟国防部长扩大会议,再度表达对南海地区形势的忧虑,并重申了美国针对南海问题提出的反对武力、援引国际法原则、尊重他国权利等若干原则。";"531";563
564;2010;"该宣言在2010年10月30日的第17次东盟首脑会议上升级为《南海各方行为准则》(COC)。";"776";564
565;2010;"2010年11月29H,越南国防部长冯光清与日本驻越大使谷崎安明就两国开展海上军事合作进行了广泛讨论；2010年12月10日,首次“日越战略对话”在河内举行,双方围绕南沙群岛问题等交换了意见。";"55";565
566;2010;"2010年11月,美国国务卿希拉里在墨尔本出席年度“澳美部长级会议”后,接受《澳大利亚人报》访谈时“证实”中国的确表示过南海是关系中国领土完整的核心利益。";"532";566
567;2010;"2010年11月,越南抗议中国国家测绘局将《南海九条断续线图》置入地理信息服务网站,要求将此图删除。";"543";567
568;2010;"2010年12月31日,阮晋勇在越南结束东盟轮值主席国任期仪式上强调:“东盟在加强对话与合作、建立互信、规范行为准则等方面取得了重大进展,尤其就东海(即我南海―――作者注)等较为复杂的政治安全问题的行为准则达成了共识。";"525";568
569;2010;"2010年12月,越南驻南沙守军与居民以赠送越南林同(LamDong)省21个珊瑚礁石(21个珊瑚礁礁石代表越南所占南沙21个岛礁)与10株热带树的方式再次宣示主权。";"544";569
570;2010;"2010年2月,菲律宾授权一家英国油气公司在南沙礼乐滩进行油气资源探勘。";"545";570
571;2010;"根据美国方面的辩解,有两个情况促使奥巴马政府开始认真考虑南海问题:一个是2010年3月中国外交部官员在一次会议上向美国人表示,南海是中国的核心利益;另一个是越南等国家迫切要求美国出面制止中国在南海的强势行为。";"403";571
572;2010;"根据美国方面的辩解,有两个情况促使奥巴马政府开始认真考虑南海问题:一个是2010年3月中国外交部官员在一次会议上向美国人表示,南海是中国的核心利益;另一个是越南等国家迫切要求美国出面制止中国在南海的强势行为。";"499";572
573;2010;"2010年3月,马来西亚在南海的NC3和实巴莪(Spaoh)―1区,开发NC3初探井和SK316区块油田。";"701";573
574;2010;"2010年4月,越南在第16届东盟高峰会召开期间要求东盟会员国采取一致立场,企图通过一份南海行为准则,集体向中国施压。";"522";574
575;2010;"2010年4月,马来西亚海军与中国渔政巡航护渔编队在南沙弹丸礁附近海域遭遇。";"549";575
576;2010;"在民间,2010年4月美国国家地理协会悄悄对其出版的世界地图进行更正,今后只标明“ParacelIslands”(西沙群岛)而不再以小字下注“CHINA”。";"760";576
577;2010;"2010年5月,印度尼西亚海军在南沙海域扣押广西桂北80105号渔船,2010年6月再扣80116号渔船。";"550";577
578;2010;"2010年5月,越南国防部长提出了与美国开展多层次军事合作,以加快越南军队现代化建设的动议;②10月,美国国防部部长盖茨在越南河内出席东盟系列峰会期间,沿着符合美越两国南海利益的思路发表了公开演讲,再次阐述了美国基于国际利益和多边主义加强南海地区安全的基本主张,并对美越关系做出了“已逐渐走出冲突阴影”的结论。";"738";578
579;2010;"2010年6月,美国国防部长罗伯特・盖茨(ＲobertGates)在新加坡“香格里拉安全对话”会上宣称:“南海海域安全不仅对周边有关国家有着重要意义,对在亚洲地区有重大经济与安全利益的国家同样非比寻常。";"19";579
580;2010;"2010年6月,亲美且对南海问题态度强硬的阿基诺三世当选菲律宾总统。";"154";580
581;2010;"⑤2010年6月7日,菲律宾国防部长加斯明对外宣称,支持美国在南海部署军事力量,并强调这将有助于保护该地区弱小国家的权利。";"155";581
582;2010;"2010年6月,阿基诺三世当选菲律宾总统后,菲律宾在南海问题上的姿态更加强硬,动作更加频繁。";"200";582
583;2010;"回顾过去十年中菲关系以及菲律宾南海政策的走向,我们不难发现,菲政府的政策立场自2010年6月阿基诺三世当选总统后出现了明显转向。";"280";583
584;2010;"2010年6月10日,越南与菲律宾签订《南海渔业合作协定》。";"523";584
585;2010;"2010年6月,美国国防部长盖茨出席新加坡举行的“第九届国际战略研究所亚洲安全高峰会”时表示:“南海周边国家在南海地区有重要利益,亚洲所有国家在南海地区也有不可忽视的经济与安全利益。";"527";585
586;2010;"2010年6月,美国国防部长罗伯特・盖茨（RobertGates）在新加坡香格里拉会议上阐述美国在南海问题上的立场时说：“对于相互冲突的主权要求,我们不会表态支持哪一方,但我们反对使用武力,也反对妨碍航行自由的行为。";"796";586
587;2010;"2010年7月23日,国务卿希拉里・克林顿在越南河内举行的“东盟地区论坛”(ASEANＲegionalForum)上宣称,对于由南海地形地貌而产生的领土归属争议,美国不持立场。";"8";587
588;2010;"⑤2010年7月,国务卿克林顿在越南河内公开宣称,“南海航行自由、亚洲海洋公域(maritimecommons)的开放及对国际法的遵守事关美国国家利益”。";"15";588
589;2010;"在南海问题上,新加坡的政策态度可以概括为“中立有为,稳定和平”,⑥在2010年7月举行的备受关注的东盟地区论坛上,中美两国外长言辞激烈,就南海问题展开了一场针锋相对的外交战。";"60";589
590;2010;"2010年7月8日,印度尼西亚向联合国秘书长提交照会,质疑中国照会中所附的“南海断续线图”,指责该线缺乏国际法依据,颠覆了《公约》。";"108";590
591;2010;"2010年7月,美国国务卿希拉里・克林顿在河内发表讲话,强调有关各方应根据《公约》提出领土要求和关于海洋空间的权利主张,并以符合国际法的方式明确对南海的主权主张,对南海海域的诉求应该完全出于地形地貌,符合国际习惯法。";"117";591
592;2010;"2010年7月,美国国务卿希拉里在东盟地区论坛上宣称“南海争端关涉美国的国家利益”,发出了美国介入南海争端的信号。";"224";592
593;2010;"2010年7月,美国时任国务卿希拉里?克林顿(HillaryClinton)甚至明确宣称,“南海航行自由涉及美国国家利益”。";"259";593
594;2010;"然而,以2010年7月希拉里?克林顿国务卿的河内讲话为转折点,美国的南海政策发生了实质性改变,从“观察”转变为“干预”。";"354";594
595;2010;"第二次中国海军南海演习之后,第43届东盟外长会议于2010年7月19-20日在河内举行。";"400";595
596;2010;"在2010年7月23日举行的第17次东盟地区论坛部长会议之前,越南、菲律宾、马来西亚向美国表达了它们对中国对西沙和南沙群岛“强势的”主权要求的担忧。";"401";596
597;2010;"④2010年7月21日,美国亚太事务助理国务卿库尔特?坎贝尔(KurtCampbell)在东京接受访谈时也强调,美国在南海问题上有利益,但美国的主要利益是诸如航行自由等问题。";"404";597
598;2010;"综上所述,美国的南海政策在冷战后逐渐发生了变化,从最初的完全持中立立场,到1995年中菲美济礁冲突之后对南海领土争端的关注度加深,再到2010年7月以希拉里?克林顿的河内讲话为标志,转向了在南海问题上实际上的“选边站”。";"414";598
599;2010;"然而,以2010年7月希拉里?克林顿国务卿的河内讲话为转折点,美国的南海政策发生了实质性改变,从“观察”转变为“干预”。";"450";599
600;2010;"第二次中国海军南海演习之后,第43届东盟外长会议于2010年7月19-20日在河内举行。";"496";600
601;2010;"在2010年7月23日举行的第17次东盟地区论坛部长会议之前,越南、菲律宾、马来西亚向美国表达了它们对中国对西沙和南沙群岛“强势的”主权要求的担忧。";"497";601
602;2010;"④2010年7月21日,美国亚太事务助理国务卿库尔特?坎贝尔(KurtCampbell)在东京接受访谈时也强调,美国在南海问题上有利益,但美国的主要利益是诸如航行自由等问题。";"500";602
603;2010;"综上所述,美国的南海政策在冷战后逐渐发生了变化,从最初的完全持中立立场,到1995年中菲美济礁冲突之后对南海领土争端的关注度加深,再到2010年7月以希拉里?克林顿的河内讲话为标志,转向了在南海问题上实际上的“选边站”。";"510";603
604;2010;"2010年7月,第17届东盟地区论坛召开,越南推动美国介入南海争端多边协商的提议得到了美国的支持。";"524";604
605;2010;"2010年7月3日,美国通过日本共同新闻社发布了北京曾向美国表示,南海是关系中国领土完整的“核心利益”的消息,接着又通过“世界新闻网”发表了题为《中国南海核心利益,邻国忧虑》的评论。";"528";605
606;2010;"2010年7月第四十三届东盟外长会议和第十七届东盟地区论坛两度表达了东盟对维持南海地区和平与稳定重要性的认识,以及推动“信心建立措施”等的主张。";"534";606
607;2010;"2010年7月,印度尼西亚向联合国提交照会,指责中国2009年5月向联合国提交的《南海九条断续线图》没有国际法律依据,并且与1982年《联合国海洋法公约》有关岛屿的规定相抵触。";"551";607
608;2010;"特别是2010年7月,美国国务卿希拉里在东盟会议上又明确提出南海有所谓的“美国利益”。";"641";608
609;2010;"2010年7月26日,马来西亚皇家海军“端古・阿卜杜勒・拉赫曼”(KDTunkuAbdulRahman)号潜艇在南海水下成功试射SM39BlockII“飞鱼”反舰导弹。";"702";609
610;2010;"⑦此外,2010年7月,马来西亚首次在国会辩论中谈及南海争端,并由外交部副部长柯希仁对马来西亚的南海政策做出明确解释。";"703";610
611;2010;"2010年7月23日,美国国务卿希拉里在出席东盟外长论坛时,就南海问题发表讲话称,南海主权争议关系到“美国国家利益”,美国不支持任何一方对该地区拥有主权,反对使用“胁迫”手段解决争端。";"705";611
612;2010;"2.中国媒体数据库的建立：利用Apibi中国报纸资源全文数据库,输入搜索词“中美南海”,时间节点也选在2010年7月23到2010年10月23日,得到有效文章64篇,其来源包括《东方早报》《新民晚报》《环球时报》《新京报》《21世纪经济报道》《解放日报》《京华时报》。";"706";612
613;2010;"由于Apibi数据库不包括《人民日报》,所以本文又选取了人民日报数据库,因为人民日报数据较小,把“中美南海”作为搜索词,得到文章较少,所以改为“南海”作为搜索词,时间节点也选在2010年7月23到2010年10月23日,得到有效文章3篇。";"707";613
614;2010;"④2010年7月23日,希拉里在东盟地区论坛外长会上声称美国在维护南海航行自由方面拥有“国家利益”,在南海问题上反对“胁迫”,反对使用武力或以武力相威胁。";"713";614
615;2010;"2010年7月,希拉里・克林顿在越南河内发表了美国关于南海争端的声明,第一次完整地表达了奥巴马政府的南海政策。";"727";615
616;2010;"2010年7月,日本媒体主观恶意、断章取义地报导了中国将南海问题纳入核心利益的消息。";"735";616
617;2010;"2010年7月23日,美国国务卿希拉里在越南河内召开的第17届东盟地区论坛上第一次完整阐述奥巴马政府的南海政策,在前任政府维持南海航行自由、不以武力解决争端的既有原则基础上加入两点“新意”:一是美国愿意协助处理南海问题,实际上是宣告美国将直接介入南海争端;二是要求争议各方根据国际法建立多边解决机制,实际上是否定中国长期以来坚持的双边协商方案。";"757";617
618;2010;"2010年7月9日,美国与日本、澳大利亚在南沙群岛以南的文莱附近海域举行首次南海军演。";"768";618
619;2010;"2010年7月23日在河内举行的东盟地区论坛外长会上,美国国务卿希拉里・克林顿根据事先准备好的稿子,大谈南海与美国国家利益关系,大谈维护南海航行自由的重要性和紧迫性,大谈在南海问题上反对“胁迫”,反对使用武力或武力相威胁。";"793";619
620;2010;"一方面,继美国国务卿希拉里于2010年7月宣布美国在南海地区有着“自己的国家利益”［20］之后,澳大利亚外长陆克文也明确表示南海问题关乎澳大利亚的利益,成为公开就此问题表态的又一个域外国家。";"813";620
621;2010;"2010年7月23日,美国国务卿希拉里・克林顿在河内对新闻界发表的讲话中提出,有关各方应根据《公约》提出领土要求和关于海洋空间的权利主张,并以符合国际法的方式明确对南海的主权主张,对南海海域的诉求应该完全出于地形地貌,符合国际习惯法。";"851";621
622;2010;"2010年8月,“美菲共同防御委员会”会议(RP-USMutualDefenseBoard)召开,美国太平洋舰队司令威拉德(Pat-rickM．Willard)宣称,美国将巡航南海,以避免地区局势紧张。";"546";622
623;2010;"2010年8月,美国太平洋司令乌伊拉德(Willard)上将在马尼拉参加“美菲共同防御委员会”会议(RP-USMutualDefenseBoard)期间宣称,美国将继续巡航南海海域,以避免地区紧张局势;①2010年11月,美国国务卿希拉里・克林顿在马尼拉的公开演说中两度要求菲律宾加强与美国的双边军事合作,宣称“菲美部队访问协定”(TheVisitingForceAgreementbetweenthePhilippinesandUSA)将为菲律宾带来更大规模的军事援助;②同月,美国国防部长盖茨在访问澳大利亚与马来西亚期间声称,中国“日益增长的军事力量”,“处理与邻国领土纠纷问题过程中的强硬态度”以及“过于自信正成为影响地区海事安全的重要因素”。";"740";623
624;2010;"2010年8月,美国“乔治・华盛顿”号航母和“约翰・麦凯恩”号反导弹驱逐舰先后抵达越南,开始在南海地区进行美越关系正常化以来的第一次联合军演。";"762";624
625;2010;"2010年8月8日,美国核动力航空母舰“乔治・华盛顿号”穿过了南海海域,来到越南砚港附近的外港口,并邀请越南海军官兵登舰参观。";"800";625
626;2010;"①2010年9月,第二届美国－东盟峰会在纽约召开,会后发表的联合声明,重申在南海要“确保航行自由、和平解决争议以及商业活动不受阻碍”。";"16";626
627;2010;"2010年9月,阿基诺三世在出席美国―东盟峰会时就表示,东盟应在南海议题上团结一致,反对中国在南海宣示主权。";"208";627
628;2010;"2010年9月下旬,第二次美国-东盟领导人会议在纽约举行,在这次会议上,美国在其所起草的联合声明中加入了反对有主权要求的国家“使用武力和武力威胁……在南海强行实现有争议的领土要求”,但在联合声明的最后文本中,“使用武力”和“南海”两个词被删除。";"402";628
629;2010;"2010年9月下旬,第二次美国-东盟领导人会议在纽约举行,在这次会议上,美国在其所起草的联合声明中加入了反对有主权要求的国家“使用武力和武力威胁……在南海强行实现有争议的领土要求”,但在联合声明的最后文本中,“使用武力”和“南海”两个词被删除。";"498";629
630;2010;"2010年9月,坎贝尔在华府参加战略与国际研究中心所举办的“南中国海:二十一世纪亚洲安全合作的一个重要指标”座谈会时指出,“美国观察到南海各方过去几年在捕渔、能源勘探、岛礁争议等方面的冲突迅速增加”,这是“美国强调以和平方式解决争议立场的原因”。";"529";630
631;2010;"2010年9月下旬,纽约举行第二届美国与东盟领导人会议,并针对南海地区形势的“共识”发表联合声明,强调将共同维持地区和平与稳定。";"530";631
632;2010;"2010年9月,菲律宾总统在第二届美国与东盟领导人会议呼吁美国推动制订《南海地区行为准则》。";"547";632
633;2010;"特别值得关注的是,2010年9月15日,澳大利亚与美国“2+2”年度部长级会议发表的声明专门阐述了两国在南海问题上的共同立场。";"814";633
634;2010;"继希拉里的讲话之后,2010年月8日,美国太平洋司令部司令罗伯特・威拉特（RobertVillard）在菲律宾又就南海问题发表了一番耐人寻味的讲话,在妄言中国引起区域内国家“担心”的同时,表示美国将长期在南海维持军事存在,以保证南海“航道与空域安全”。";"797";634
635;2011;"②2011年,随着南海争端的再次加剧,美日两国于2011年6月21日发布了共同战略目标声明,强调“将敦促某些国家不追求可能给地区安全带来不稳定因素的军事力量"",声明虽未点明“敦促""的对象,但明显展示出牵制中国、联手对抗中国的姿态。";"57";635
636;2011;"在2011年举行的第十届香格里拉对话会上,新加坡国防部长黄永宏表示,针对东盟一些成员国与中国之间的南海岛屿主权争议,新加坡希望各国能按照国际法,以和平的方式来化解。";"62";636
637;2011;"1998年,东盟授权菲律宾和越南拟定“南海地区行为准则”草案,后与中国达成《南海各方行为宣言》；2011年,东盟又与中国就落实《南海各方行为宣言》指导方针达成一致。";"73";637
638;2011;"此后,东盟于1998年要求菲律宾、越南拟定“南海地区行为准则”草案,后与中国达成《南海各方行为宣言》,2011年又和中国就落实《南海各方行为宣言》指导方针达成一致。";"83";638
639;2011;"以东亚最重要的地区安全对话机制之一的东盟地区论坛为例,在1994―2011年的主席声明中,关于南海的航行自由问题,仅在1999―2001年被提及三次。";"120";639
640;2011;"2011年以来,菲律宾激进化的南海政策恶化了中菲关系,加剧了中国与东盟国家在南海问题上的对立,给中国周边环境带来了不利影响。";"139";640
641;2011;"随着美菲军事安全关系的加强,自2011年起,菲律宾对南海争端的态度日趋强硬。";"156";641
642;2011;"2011年初,菲律宾授予英国石油与矿业公司在中菲南海争议海域勘探油气资源为期两年的合约,显示出其开发南海油气资源的决心。";"157";642
643;2011;"2011年,菲律宾不仅向美国购买了“汉密尔顿”级军舰,增加了在南沙区域的海空巡逻,购置了防空雷达系统,在南沙所占岛礁派驻了更多军队,①而且还制定了改造南沙机场的计划,②以及增加50亿比索(约合1.18亿美元)以增强保护南海“领土”军力的计划。";"159";643
644;2011;"”②2011年,菲律宾南海政策的急剧转变与美国的支持与鼓励是分不开的。";"162";644
645;2011;"2011年以来,菲律宾南海激进化政策对中菲关系的负面影响越来越严重。";"164";645
646;2011;"2011年,菲律宾总统阿基诺三世与外长罗萨里奥对东盟国家进行“穿梭外交”,在协调东盟南海政策立场?一致对华等方面做了大量工作。";"167";646
647;2011;"2011年以来,菲律宾在南海问题上对中国采取“不妥协”立场,主要有国内和国外两大背景因素。";"222";647
648;2011;"为了证明在单个海洋地物的地位及海洋权利问题上存在争端,菲律宾在援引中国2011年有关照会时故意篡改了其中的用词,将中国照会中有关“南沙群岛”作为整体概念之后的动词由单数“is”变成了复数“are”,意在误导中国是以各个单个岛礁主张海洋权利的。";"300";648
649;2011;"仲裁庭完全漠视这些事实：承诺谈判解决相关争端是中菲从1995年到2011年在各协议中的一贯立场,包括阿基诺三世当政时期于2011年发表的中菲《联合声明》；各协议中诸多用词表明了双方的真实意思,如1995年中菲《关于南海问题和其他领域合作的磋商联合声明》“最终谈判解决双方争议”、《南海各方行为宣言》“由直接有关的主权国家通过友好磋商和谈判”；上述承诺使中菲形成信赖关系产生了信赖利益,适用禁反言原则。";"308";649
650;2011;"从图１可以看出,2001-2011年间,外交部发言人答记者问时提及的国家中,越南、菲律宾、美国和东盟居前四位,特别是越、菲、美三国成了涉足南海问题的前三方。";"439";650
651;2011;"⑥据美国国务院官员的介绍,到2011年,南海成了中美关系中存在最激烈争执的地区。";"502";651
652;2011;"2010年,在美国国务卿希拉里公开表示“南海问题涉及美国利益”后,公报有四处提到了南海问题；2011年的《联合公报》则增加到了五条。";"608";652
653;2011;"因此,在2011年印尼担任东盟轮值主席国期间,印尼在一定程度上摒弃了越南在2010年担任主席国期间所采取的积极推动南海问题国际化的极端做法。";"627";653
654;2011;"2011年,印度尼西亚担任东盟轮值主席国,鉴于不同于越南的南海利益诉求,印尼应当不会比越南更热衷于推动南海问题的继续升温。";"723";654
655;2011;"②基于这一考虑,希拉里・克林顿在2010年两次关于南海问题的讲话中均提到,③因为加入《联合国海洋法公约》关系到美国和东南亚国家共同处理南海事务的诚信问题,所以美国将在2011年把这一工作作为外交的优先考虑。";"748";655
656;2011;"所以2011年夏季以来的新一波南海冲突中,美国虽然偏袒菲律宾、越南、马来西亚、印尼等国,但还是有所节制。";"764";656
657;2011;"虽然奥巴马政府迄今没有公开宣称“菲美共同防御条约”适用于有争议的南海地区,但2011年以来菲律宾方面的种种言行似乎表明已经得到美方的某种暗示或保证。";"770";657
658;2011;"2011年的南海形势更趋严峻,5月底越南与中国接连爆发海上摩擦与外交争执,菲律宾、文莱等南海主权声索国加入战团,此轮争端随着美国与东南亚六国联合展开南海军演达到高峰,至今尚未平息。";"774";658
659;2011;"2011年是东盟与中国开始不间断高层对话20周年,然而南海争议始终没有建设性进展,中国与东盟未就2002年《南海各方行为宣言》(DOC)的落实达成一致是主要原因之一。";"775";659
660;2011;"比如在2011年5～6月间,所谓的南海问题骤然升温,就是因为越南大耍“贼喊捉贼”的手段而引发的。";"884";660
661;2011;"而且,截至2011年底,这个联盟已渐成雏形,最直接的标志就是上文所提到的越南、菲律宾等南海争端国家与美国、日本和印度等域外势力已经结成的或加强的各类战略伙伴关系,特别是不断增强的军事合作关系。";"885";661
662;2011;"③2011年10月7日,日本前防卫大臣一川保夫在防卫省与越南驻日大使阮富平举行了会谈,双方一致同意加强合作,以确保船只在南海的安全航行,阮富平还称两国的关系是“有益于亚洲和平与稳定的重要战略伙伴关系”。";"56";662
663;2011;"一是2011年10月越共总书记访华,在签署中越解决南海争端指导原则协议的同时,越南国家主席访问印度,签署两国在南海的合作协议。";"886";663
664;2011;"2011年11月,美国与除中国之外的所有对南海提出主权要求的东盟四国举行了海上联合军事演习。";"44";664
665;2011;"2011年1月5日,越南引用日本《朝日新闻》报导,公开宣扬中国已拟好“南海夺岛计划”,制造南海地区紧张气氛。";"552";665
666;2011;"2011年2月,阿基诺三世任命前驻美大使德尔罗萨里奥为外交部长,取代之前在南海问题上态度温和、曾表示南海问题“无需美国插手”的罗慕洛。";"214";666
667;2011;"2011年2月,菲律宾能源部同意英国符若能源公司(ForumEnergy)在南沙群岛礼乐滩进行油气资源勘探活动。";"553";667
668;2011;"2011年3月,阿基诺三世出访印尼和新加坡时提出了“东盟成员国联合开发南海石油资源”的建议。";"168";668
669;2011;"③2011年3月2日,菲律宾宣称其勘探船在礼乐滩附近海域遭受中国执法船的“骚扰”,并出动OV―10轰炸机和一架轻型军机前往事发地点。";"204";669
670;2011;"2011年3月25日,菲律宾在南沙海域抓捕6名中国渔民。";"206";670
671;2011;"2011年3月7日开始,阿基诺三世在出访印尼、新加坡时,提议“与东盟成员国联合开发南海石油资源”。";"209";671
672;2011;"2011年3月初,德尔罗萨里奥在接受菲律宾《每日问询者报》采访时称美国是菲律宾“唯一战略伙伴”,⑦发出了在南海问题上寻求美国支持的信号。";"215";672
673;2011;"①2011年3月28日,奥万再次表示,菲律宾已增加了在南沙海域的海空巡逻,购置了防空雷达系统等装备,并计划对南沙占领岛礁上的简易机场进行升级改造。";"219";673
674;2011;"2011年3月,菲律宾宣称其勘探船在礼乐滩附近海域遭受中国执法船的“骚扰”,阿基诺三世(BenignoSimeónCojuangcoAquinoIII)随后下令海岸警卫队护送勘探船。";"274";674
675;2011;"中菲于2011年3月发生对峙的礼乐滩就蕴藏着丰富的天然气资源,已探明天然气储藏量达3.4万亿立方英尺。";"283";675
676;2011;"②2011年3月,菲律宾论坛能源公司宣布将在中菲争议的礼乐滩附近海域开采石油。";"285";676
677;2011;"2011年3月,菲律宾原油勘探船驶至礼乐滩附近海域进行作业。";"554";677
678;2011;"2011年3月9日,菲律宾参议员建议将南沙费信岛和马欢岛建设成为观光潜水胜地。";"555";678
679;2011;"2011年3月初,越南以中国在南沙进行军事演习为由再度提出抗议,指称中国的演习侵犯了越南南海岛礁主权,并违反了《南海各方行为宣言》。";"556";679
680;2011;"2011年3月9日,印度尼西亚总统针对中菲南沙群岛礼乐滩的争议提出了提交东盟高峰会和东盟区域论坛讨论的建议。";"557";680
681;2011;"2011年4月5日,菲律宾向联合国提交照会,抗议中国提交的相关划界信息,强调菲律宾对南沙群岛主体及周围海域、海床拥有主权和管辖权。";"109";681
682;2011;"2011年4月,一向言行谨慎的菲律宾外交部以抗议2009年5月中国对南海有关岛屿及其附近海域的主权声明为由向联合国提交照会,将中菲南海矛盾扩大化。";"165";682
683;2011;"④2011年4月,罗萨里奥访问越南,与越南达成了两国在南海问题上开展合作?加强双边安全与防务合作?推动达成“南海行为准则”等共识。";"169";683
684;2011;"2011年4月5日,菲律宾向联合国抗议中国于2009年5月递交的附有南海U形线地图的照会,强调对中国南沙群岛主体(菲称“卡拉延群岛”)及周围海域、海床拥有主权和管辖权。";"202";684
685;2011;"④2011年4月5-6日,菲律宾外长德尔罗萨里奥访问越南,称“在海洋议题上开展合作是双方关系的重要支柱”,主张加强菲越的安全与防务合作,推动有关国家制定具有约束力的《南海各方行为准则》。";"210";685
686;2011;"2011年4月,菲律宾前国防部长、现参议院议长恩里莱呼吁“菲律宾军队增强军力,更新装备,保卫包括南沙群岛在内的‘国家领土‘”。";"223";686
687;2011;"2011年4月,印度尼西亚通过媒体透露,东盟主导的系列会议将继续把南海问题作为一个重要议题加以讨论。";"558";687
688;2011;"2011年4月5日,菲律宾在南沙群岛再挑事端,就中国南海边界划分的“九段线”理论向联合国提出抗议,对中方有关南海的部分主张提出质疑。";"673";688
689;2011;"⑤2011年5月,印尼牵头在雅加达举办了“南中国海合作前景一聚焦问题和动力""国际研讨会,与会学者认为,对于东盟而言,加强与印、日、美、澳等伙伴的合作以解决南海争端非常重要,因为“东盟单独无法与中国对抗”。";"59";689
690;2011;"2011年5月举行的东盟国防部长会议首次讨论了南海问题,所发表的联合公报重申将致力于实施《南海各方行为宣言》。";"68";690
691;2011;"①2011年5月发布的第18届东盟峰会主席声明在谈到落实《宣言》行为指针和《南海地区行为准则》对华协商之时也强调,东盟再次重申东盟原则,即各国在与对话伙伴国(指中国)对话过程中必须团结一致。";"90";691
692;2011;"2011年5月,阿基诺总统呼应越南在东盟峰会上的要求,再次强调“南海行为准则”的重要性。";"170";692
693;2011;"2011年5月底,阿基诺总统访问泰国和文莱,试图说服文莱联合对中国施压,以签署“南海行为准则”。";"171";693
694;2011;"2011年5月,阿基诺三世在东盟峰会上继续敦促尽快制定《南海各方行为准则》,并再次与越南就南海问题展开双边对话,协调立场。";"211";694
695;2011;"⑤2011年5月底,阿基诺三世继续访问泰国、文莱,再次鼓动文莱要求中国签署南海行为准则。";"212";695
696;2011;"2011年5月,越南国内不仅爆发反对中国在南海立场的示威游行,还在南沙群岛举行“国会代表”选举。";"444";696
697;2011;"2011年6月,澳菲两国在堪培拉举行部长级会谈,双方专门就南海问题进行了探讨,并在联合声明中声称支持菲律宾的立场,要求遵照《联合国海洋法公约》和平解决领土争端。";"37";697
698;2011;"③2011年6月27日,美国参议院通过决议,谴责中国在南海地区示强,表示支持美国军队在南海地区采取一切连续性行动,甚至直接军事介入中国与菲律宾等国纷争与摩擦。";"163";698
699;2011;"②2011年6月17日,菲律宾外长罗萨里奥在马尼拉会见东盟其他九个成员的大使,寻求东盟内部就南沙与南海问题达成一致立场。";"172";699
700;2011;"2011年6月7日,菲律宾外交部长德尔罗萨里奥在其外交部网站上撰文,坚称其根据《联合国海洋法公约》划定的专属经济区、大陆架范围及该范围内的岛礁(包括礼乐滩)不属于南海争端。";"203";700
701;2011;"2011年6月7日,菲律宾国防部长加斯明公开要求“美国在南海部署军事力量”,称这“有助于保护该地区较弱小国家的权利”⑧,标志着菲律宾在南海问题上“联美制华”政策更加明确。";"216";701
702;2011;"2011年6月28日,菲律宾与美国在南海举行联合军事演习。";"217";702
703;2011;"2011年6月,美国参议院通过了谴责中国在南海地区示强,以及支持美国军队在南海地区采取一切连续性行动,甚至直接军事介入中国与菲律宾等国纷争与摩擦的议案。";"239";703
704;2011;"2011年6月14日,当南海局势趋于紧张时,托纳在美国国务院的新闻发布会上说,美国支持中国同东盟一起制定“南海行为准则”。";"405";704
705;2011;"2011年6月14日,当南海局势趋于紧张时,托纳在美国国务院的新闻发布会上说,美国支持中国同东盟一起制定“南海行为准则”。";"501";705
706;2011;"⑥2011年6月24日参议院全票通过了指责中国在南海有争议海域使用武力的决议案。";"759";706
707;2011;"与中国有南海主权争议的东南亚国家曾期待美国防部长盖茨在2011年6月的新加坡第10届香格里拉对话上再次对中国发难,但盖茨仅是重复了去年的关切,这让他们感到失望。";"765";707
708;2011;"〔６〕2011年6月23日,希拉里在与来访的菲律宾外长见面时表示,美国关注南海局势,承诺支持菲律宾的防卫,将按照《美菲共同防御条约》为菲提供适当的物资和装备,以“对抗中国”。";"778";708
709;2011;"例如,2011年6月,在澳大利亚和菲律宾于堪培拉举行的部长级会谈上,双方专门就南海问题进行了探讨并在联合声明中阐述了它们在南海问题上的共同立场［32］。";"817";709
710;2011;"②2011年7月9日,正当南海紧张气氛不断升高之际,澳大利亚海军会同美日海军在文莱附近海域举行了军事演习,这是三国首次在南海举行联合军演。";"38";710
711;2011;"2011年7月22日,澳大利亚外长陆克文(KevinＲudd)与到访的国务卿克林顿会晤,针对克林顿此前所称南海“涉及美国国家利益”,陆克文则回应称南海争端的和平解决“同样关乎澳大利亚的切身利益”。";"39";711
712;2011;"例如,早在2011年7月,国务卿克林顿在与印尼外长纳塔莱加瓦会面时便敦促东盟“迅速地乃至紧急地采取行动,确定一套行为准则,以避免在南中国海重要的海上航线和领海上产生任何问题”,她进而提议将南海问题纳入2011年11月举行的东亚峰会的议程框架。";"51";712
713;2011;"②在2011年7月举行的东盟地区论坛上,中国与东盟就《南海各方行为宣言》后续指导方针达成协议后,新加坡新任外长尚穆根重申：“一些国家之间有纠纷,我们和这些国家却没有纠纷,不过,我们不希望见到纠纷失控,或看到影响海上安全的事故发生,所以我们关注这份宣言。";"63";713
714;2011;"2011年7月,希拉里在东盟地区论坛上再次指出,南海争端各方都必须遵守国际法,拿出有力的法律依据证明自己的主权要求,而不仅仅是依据历史先例,明确要求中国就南海断续线做出澄清与解释。";"118";714
715;2011;"⑥2011年7月,菲律宾外长公开表示:“菲律宾将继续在南海‘主权海域’开展石油勘探活动。";"158";715
716;2011;"2011年7月,《南海各方行为宣言》落实指针在中国与东盟之间达成一致。";"173";716
717;2011;"①2011年7月25日,菲外长德尔罗萨里奥扬言,那些“正好位于”菲律宾主权海域之内的油气资源对菲能源战略至关重要,菲将继续在南海开展石油勘探活动,挑战中国与东盟达成的落实《南海地区行为宣言》的指导方针。";"205";717
718;2011;"2011年7月18日,美国众议院通过了要求以和平、多边和基于规则的手段解决南海争端的决议案,其为菲律宾撑腰打气的意图明显。";"218";718
719;2011;"2011年7月20日,中国外长与东盟外长在印尼巴厘岛又就落实《南海各方行为宣言》的指导方针达成了一致。";"262";719
720;2011;"2011年7月20日,在印度尼西亚巴厘岛举行的落实《南海各方行为宣言》高官会签署了《宣言》后续行动指针。";"595";720
721;2011;"2011年7月,在印尼举办东盟地区论坛期间,东盟秘书长素林・比素万强调,东盟本身不是南海争端中的一方,东盟作为一个集体希望各方能够和平解决争端。";"599";721
722;2011;"2011年7月27日,东盟各国海军司令会议在越南河内召开,这是东盟各国海军司令首次正式讨论南海的安全形势。";"614";722
723;2011;"例如,2011年7月,当中国与东南亚有关国家之间的南海争端不断升温之际,澳大利亚海军会同美国海军、日本海上自卫队在濒临南海的文莱附近海域举行了一次联合军事演习。";"815";723
724;2011;"二是2011年7月菲律宾外长访华,从中国寻求经济实惠回国后,马上又宣布引进西方石油公司勘探开发南海争议区的油气资源。";"887";724
725;2011;"①2011年8月5日,菲律宾外长罗萨里奥在马里拉大学“南沙争端:远景与政策反应”论坛上宣称:“中国以‘九段线’拥有整个‘西菲律宾海’的主张是南沙争端的关键,是通过国际法原则和平解决争端的根本性障碍。";"166";725
726;2011;"2011年8月29日至2011年9月3日,菲律宾总统阿基诺三世访华,与中国就解决海上争端达成共识,在一定程度上缓和了南海局势,但是南海局势的前景仍然不明。";"180";726
727;2011;"③2011年9月14日,美澳外长和防长“2+2”年度会谈于美国旧金山举行,在会后发表的联合声明中双方声称:“与国际社会一样,澳大利亚和美国在南海的航行自由、保持和平与稳定、尊重国际法,以及畅通的合法商贸方面,拥有国家利益。";"40";727
728;2011;"2011年9月,日本防卫省与东盟10国在东京举行了副防长级会谈,“在中国南海活动日益活跃的情况下”,围绕“东盟和日美等国加强合作”展开讨论,希望“日本等东盟以外国家积极协助”。";"71";728
729;2011;"尽管2011年9月中菲两国发表的联合声明宣称就解决南海争端达成某些共识,然而这些共识却没有改变菲律宾作为美国“重返”亚洲重要合作伙伴,挑动南海问题继续升温的基本政策。";"140";729
730;2011;"2011年9月21日,菲律宾与日本外交官以“海洋安全”为名举行了会谈,共同讨论了南海领土纠纷。";"175";730
731;2011;"⑥2011年9月22日,菲律宾召集东盟十国的海事专家开会,企图推动形成统一的解决南海问题的地区政策,即首先在东盟内部就划分南海的争议区和非争议区达成共识,再由东盟迫使中国接受。";"213";731
732;2011;"④2011年9月7日,菲律宾宣布增加将近50亿比索(1．18亿美元)的军费开支,以保护南海“领土”,特别是保护马来帕亚油气田。";"220";732
733;2011;"⑥2011年9月16日,菲律宾总统阿基诺三世在接受路透社采访时表示将“继续增强军事力量,包括在南海地区的军事部署”,并认为“这不应被视为是进攻行为,因为菲律宾的国防能力一直很弱”。";"221";733
734;2011;"2011年9月以来,菲律宾除了宣布增强在南海地区的军力部署,还与日本开展有关南海和东海主权争端的海事磋商会议,加强与日本的海上安全合作,寻求一项东盟对南海问题的统一立场等等,这些举动都表明,菲律宾仍将继续推动南海问题多边化、国际化,为此甚至不惜引发南海局势的紧张。";"225";734
735;2011;"从图１还可以看出,进入2011年9月之后,中国南海问题关涉方除传统的越南、菲律宾、美国以及东盟外,又增加了日本和印度,国际化的趋势已经明朗。";"440";735
736;2011;"2011年６月,越南总理阮晋勇在越南海洋宣传周大型集会上宣称对西沙、南沙群岛拥有主权,强调“越南全党、人民、全军要拿出最大决心意志,维护祖国领海和海岛的主权和管辖权”。";"445";736
737;2012;"作为2012年东盟轮值主席国,柬提议将南海争端排除在东盟的正式议题之外。";"64";737
738;2012;"从2012年开始,美国转变直接干涉南海事务的方式,更多地鼓励某些南海争议国和东盟发挥作用,尤其认为东盟是国际法的积极支持者,是和平解决南海问题的关键力量。";"119";738
739;2012;"经过2011年至2012年之间的有关黄岩岛的冲突,菲律宾决定在中国不同意的情况下,单方面将南海争端诉诸仲裁程序,有以下几个方面的政治考虑。";"135";739
740;2012;"有评论认为,2012年以来南海局势不断恶化的一个原因就是南海争端的持续军事化倾向以及中国使用强硬手段对付越南和菲律宾。";"136";740
741;2012;"随着军力的增加,2012年菲律宾南海政策开始呈现出从激进化趋向极端化的特征,其典型例证主要有黄岩岛对峙事件和“南海行为准则”问题。";"160";741
742;2012;"2012年3~4月间,菲律宾?越南?印度和印尼等国学者和智库人员先后抛出若干“南海行为准则”版本。";"174";742
743;2012;"2012年,菲律宾南海政策向激进化和极端化方向发展。";"241";743
744;2012;"2012年3-4月间,菲律宾多次推动和参与了没有中方人员参加的东盟国家《南海各方行为准则》草案闭门会议。";"242";744
745;2012;"虽然2012年东盟与中国达成了认同“南海问题不应国际化”观点的共识,［32］但据国外学者的考察,柬埔寨作为轮值主席国针对“南海问题不应国际化”拟定的相关条款因菲律宾的强烈反对被搁置。";"257";745
746;2012;"2012年中菲黄岩岛对峙事件发生后,阿基诺三世政府并未采取有效措施缓解中菲间的紧张气氛,而是继续以“将中菲争端岛屿纳入军事管辖范围”等手段激化矛盾,这些现象从一定意义上预示着,随着国内反腐运动越来越难以推行,阿基诺三世很可能会采取更为极端的手段,通过挑起国际争端转移国内公众的注意力。";"290";746
747;2012;"因此,在2012年美国新安全研究中心的开年报告《立足于实力的合作:美国、中国和南海》中,克罗宁(PatrickM．Cronin)和卡普兰提出,为了维护一个开放的基于条约体系的地区秩序,美国应该同中国建立实力基础上的合作关系。";"318";747
748;2012;"②2012年美《立足于实力的合作:美国、中国和南海》报告也是放眼未来地从中美关系演变角度论述南海问题之作。";"323";748
749;2012;"2012年下半年,美国不断对南海日益紧张的局势表示担忧,包括中国与菲律宾相互攻击的语言升级、双方在资源开发方面采取的行动以及围绕着黄岩岛发生的冲突。";"407";749
750;2012;"2012年下半年,美国不断对南海日益紧张的局势表示担忧,包括中国与菲律宾相互攻击的语言升级、双方在资源开发方面采取的行动以及围绕着黄岩岛发生的冲突。";"503";750
751;2012;"从1992年的东盟南海宣言、2002年东盟与中国签署的《南海各方行为宣言》、2011年落实《宣言》后续行动指针,再到2012年的南海问题六项原则等政治文件,处处都体现出东盟在南海问题上“以我为主”介入南海的战略意图。";"606";751
752;2012;"一个迹象就是,在2012年达成的东盟外长关于南海问题的六项原则声明中,并没有提到它在《南海各方行为宣言》中承认的“南海争端由直接相关的主权国家解决”的立场。";"612";752
753;2012;"在2012年外长会议上,东盟并没有接受菲律宾和越南将有关黄岩岛争端内容写入联合公报的提议,表明东盟在南海问题上仍坚持谨慎立场,不愿使中国和东盟的关系被南海问题引入歧途。";"624";753
754;2012;"在2012年东盟外长会议未能发表联合公报后,也正是由于印尼外长马蒂的穿梭外交,使东盟最终勉强出台了关于南海问题的六项原则声明,该声明实际上是印尼主导下各方利益平衡的产物。";"626";754
755;2012;"尽管2012年东盟轮值主席国的变动是降低南海问题激化程度的重要影响因素,但实际上南海问题的实质还取决于美国的战略举措。";"900";755
756;2012;"2012年10月,菲律宾增派800名海军陆战队员到南沙群岛,并以同意授权美军重新使用苏比克海空军事基地和美方人员在苏比克湾半永久性驻扎为代价,换取美国同意部署部分海军陆战队员到吕宋岛和巴拉望岛。";"244";756
757;2012;"2012年11月,菲律宾扬言召开东南亚地区南海声索国四国会议以对抗东盟峰会以“发展与一体化”为主题而不讨论南海问题的既定议程。";"245";757
758;2012;"2012年1月,菲律宾公布了“菲律宾南海行为准则草案”,对此,中国为了避免最后不得不面对东盟的“既成事实”,开始调整策略,力图加入到这一进程中来。";"273";758
759;2012;"2012年1月,在柬埔寨召开的东盟会议上,菲律宾提出三项提议：建议东盟发起召开中国与其他南海主权声索国的会议；在南海行为准则中规定区别南海有争议区和无争议区,并建立争议解决机制。";"616";759
760;2012;"而就在之前的2012年1月14日,中国和东盟国家在北京召开了落实《南海各方行为宣言》（简称《宣言》）第四次高官会,“各方一致认为,应抓住今年《宣言》签署十周年的有利契机……推动全面落实《宣言》,推进南海务实合作”。";"881";760
761;2012;"理由主要是两个方面：一方面,美国和越南等国炒作南海问题的目的已经基本达到,即制造对中国极为不利的舆论氛围,孤立中国,构筑起在南海方向共同反对和围堵中国的战略大联盟；另一方面,柬埔寨从2012年1月起成为新的东盟轮值主席国,这在一定程度上会减弱美国和越南利用东盟各个论坛为平台围攻中国的力度。";"888";761
762;2012;"⑤2012年2月190,菲律宾能源部副部长若泽?拉约格(JoseLayug)又宣布,菲律宾准备颁发15个油气区块的勘探许可,其中3个油气区块都位于南海的争议水域。";"284";762
763;2012;"例如,2012年4月,正值中菲两国在黄岩岛展开激烈对峙之际,美菲两国在南海举行“肩并肩”(Balikatan)联合军演,约4500名美军士兵和2300名菲律宾士兵参加了此次大规模军演,主要目的就是增强两国在传统和非传统军事训练中的互动与合作。";"34";763
764;2012;"2012年4月10日中菲黄岩岛对峙事件发生后,菲律宾要求东盟国家在这一事件上表明立场,①美国也要求东盟发挥积极作用,②然而,东盟在事件发生后并未发表任何立场声明,更没有呼吁区外大国加大干预。";"76";764
765;2012;"2012年4月10日,菲律宾海军欲抓扣黄岩岛附近的的中国渔民,与中国海监船制发生对峙,引发南海争端的再次升级。";"79";765
766;2012;"2012年4月10日中菲黄岩岛对峙事件发生后,菲律宾要求东盟国家在这一事件上表明立场,②美国也要求东盟发挥积极作用,③然而东盟在事件发生后并未发表任何立场声明,也未为事件的和平解决提供建设性意见。";"84";766
767;2012;"2012年4月10日,中菲在黄岩岛发生自美济礁事件之后两国在主权争议问题上最严重的一次对立。";"243";767
768;2012;"在2012年4月30日菲美“2+2”战略对话上,美国如20世纪70年代一样再次打破菲律宾的预期,拒绝在中菲南海冲突问题上做出更明确的承诺。";"247";768
769;2012;"2012年4月11日,菲律宾海军在黄岩岛附近抓捕中国渔民,被及时赶到的中国海监船制止,随后双方发生对峙。";"275";769
770;2012;"2012年4月,中菲黄岩岛对峙事件发生后,阿基诺三世政府曾要求东盟国家就这一事件表明立场。";"277";770
771;2012;"2012年4月,在中菲南海对峙事件尚未结束之时,美菲联合举行“肩并肩”军事演习。";"281";771
772;2012;"但同样值得注意的是,尽管阿基诺三世政府不遗余力地推动美国在中菲南海冲突上对菲做出明确承诺,在2012年4月30日举行的美菲“2+2”部长会谈上,美国却有意保持了模糊的态度。";"282";772
773;2012;"①2012年4月4日,柬埔寨首相洪森强调,“《南海各方行为宣言》是中国和东盟十国之间签署的,不涉及任何外部力量。";"604";773
774;2012;"2012年4月22日,菲律宾外长罗萨里奥发表声明,对中国与东盟国家的关系进行挑拨,警告那些与中国存在南海争端的东盟国家：“如果其他国家现在未能像菲律宾那样坦率表明立场,那么这些国家将会受到中国对南海主权声索的影响。";"617";774
775;2012;"尤为严重的是,菲律宾于2012年4月10日在黄岩岛泻湖区域非法登临我国在该水域正常作业的渔船,企图非法行使管辖权,进而引起两国海上对峙状态,严重影响了双方的睦邻友好关系,也影响了中国与东盟之间建立的战略伙伴关系。";"810";775
776;2012;"2012年4月18日,菲律宾外交部发表了“菲律宾对黄岩岛及其附近海域的立场”(以下简称“立场文件”),认为菲律宾对黄岩岛拥有主权是源自“菲律宾自独立以来就对黄岩岛实施了有效占领和有效管辖。";"844";776
777;2012;"2012年6月12日,美国宣布将向菲律宾提供一套陆基监视雷达,协助菲律宾建设一个“国家海岸监视中心”,以对南海进行侦察和监视,帮助菲律宾建设“最低限度的可靠防御态势”。";"32";777
778;2012;"2012年6月21日,印尼国防部发言人哈廷德否认有关印尼、菲律宾、越南和文莱四国将在印尼纳土纳群岛附近海域进行联合巡逻的报道,强调南海问题应当由主权声索国通过双边渠道解决。";"601";778
779;2012;"2012年6月,东盟秘书长素林・比素万在参加世界经济论坛时指出,鉴于东盟和中国之间亲密的贸易关系,为了确保南海问题不会破坏这一关系,双方不仅必须自己解决南海争议,而且也要向世界展示,双方能够处理好这一争议。";"605";779
780;2012;"例如,在2012年7月于柬埔寨金边举行的“东盟地区论坛”系列外长会议上,菲律宾执意要将中菲黄岩岛争端写入联合公报,试图把东盟联合公报变成南海问题的“人质”,但是菲方的主张却遭到东盟多个国家的坚决反对。";"43";780
781;2012;"在2012年7月举行的东盟峰会上,面对菲、越坚持把南海问题以及“黄岩岛事件”写入会议公报并对中国进行谴责的无理要求,作为会议主席的洪森首相坚持立场,拒不让步,致使菲、越的图谋未能得逞。";"65";781
782;2012;"此后东盟及其成员国更是加快了筹划和制定《准则》的脚步:2012年7月9日,第45届东盟外长会议一致通过了旨在作为未来与中国就《南海行为准则》进行谈判的基础的“核心要素(keyelements)”,但会议未就关于南海问题的联合声明达成一致,作为弥补,外长们于2012年7月20日发布了东盟对南海“六点原则(six-pointprinciples)”的声明;③在2012年9月举行的第67届联合国大会期间,印度尼西亚向参会的东盟各国传阅了一份《南海行为准则》“零号草案(ZeroDraft)”,希望以某种“中立”的身份来推动制定《准则》的谈判,并获得了其他成员国的支持。";"177";782
783;2012;"②在2012年7月召开的东盟外长会议上,菲律宾执意将中菲黄岩岛争端写入联合公报,这一提议遭到了柬埔寨等国的反对,直接导致了会议45年来首次未能发表联合公报。";"278";783
784;2012;"2012年7月,东盟柬埔寨峰会45年来首次未能发表联合公报,其根本原因在于东盟内部在南海问题上存在严重分歧。";"585";784
785;2012;"2012年7月,柬埔寨召开东盟外长会议,由于成员国在南海问题上存在分歧而未能发表联合公报。";"596";785
786;2012;"在2012年7月于柬埔寨召开的东盟外长会议期间,东盟没有同意菲律宾和越南将中菲黄岩岛争端写入联合公报的要求。";"600";786
787;2012;"在2012年7月出台的解决南海问题六项原则中,东盟更是要求有关谈判应符合《东盟宪章》、《东南亚友好合作条约组织》、《东盟南海宣言》等的精神。";"611";787
788;2012;"2012年7月12日,美国国务卿希拉里指出,在南海问题上,东盟应以一个声音发挥作用。";"620";788
789;2012;"2012年7月,美国参议员克里、麦凯恩和利伯曼等五人提出一项议案,敦促中国和东盟尽快通过谈判制定《南海行为准则》,和平解决南海主权争议。";"622";789
790;2012;"②2012年8月30日,澳大利亚国防部长史蒂芬・史密斯(StephenSmith)访问越南,在与越南总理阮晋勇(NguyenTanDung)会谈时呼吁“以和平方式解决南海争端”,并鼓励和支持越南“加强在地区安全中的作用”。";"42";790
791;2012;"美国的一个新举动是,国务院媒体关系办公室代理发言人维多利亚?纽兰德(VictoriaNuland)于2012年8月2日发表正式声明,公开批评中国政府建立三沙市的决定,并批评中国在有争议的南海地区派驻新的驻军。";"408";791
792;2012;"美国的一个新举动是,国务院媒体关系办公室代理发言人维多利亚?纽兰德(VictoriaNuland)于2012年8月2日发表正式声明,公开批评中国政府建立三沙市的决定,并批评中国在有争议的南海地区派驻新的驻军。";"504";792
793;2012;"在中菲黄岩岛事件之后,2012年9月10日,澳大利亚外长鲍勃・卡尔(BobCarr)在与到访的新加坡外长尚穆根(ShunmugamJayakumar)会晤时表示,澳大利亚对南海争端“所造成的干扰”及其对亚太地区商业形象的全球影响感到忧虑,并强烈敦促“各方遵循国际法以和平方式解决争端”。";"41";793
794;2012;"此后,菲律宾加快侵占南海岛礁的相关立法,2012年9月12日,总统阿基诺三世签署第29号行政命令,将包括中国南海部分水域在内的菲律宾群岛以西海域命名为“西菲律宾海”。";"110";794
795;2012;"2012年9月20日,美国助理国务卿坎贝尔在国会就亚洲海洋领土纠纷和主权问题作证时,对美国的南海政策和“再平衡”政策做出了详细的说明。";"409";795
796;2012;"2012年9月20日,美国助理国务卿坎贝尔在国会就亚洲海洋领土纠纷和主权问题作证时,对美国的南海政策和“再平衡”政策做出了详细的说明。";"505";796
797;2012;"2012年9月,新加坡总理李显龙在访华的一次演讲中指出,东盟不应该在南海争端中“选边”,而应该采取一个中立、有远见的立场,鼓励和平解决这一争端。";"602";797
798;2012;"2012年9月,新加坡总理李显龙在访华期间的一次演讲中认为,南海主权争端是东盟当前面临的一大主要问题。";"613";798
799;2012;"②2012年9月,美国国务卿希拉里访问东盟部分国家,再次表示希望看到东盟国家在南海问题上加强团结,以一个声音面对中国。";"621";799
800;2012;"①从2012年9月美国国务卿希拉里访问印尼期间的表态来看,美国也正越来越将印尼视为南海问题的关键国家,看重印尼在东盟中的领导作用,特别是在南海问题上发挥的领导作用。";"625";800
801;2013;"例如,在2013年中国海洋局重组之前,中国涉海部门缺乏统一协调和指挥,各部门拥有很大的自主权且相互间存在竞争,它们倾向于采取强硬的维权姿态以维护本部门的利益,加之周边国家都在加强在南海的主权声索,中国才做出非连续性的、强硬的应激性反应。";"123";801
802;2013;"2013年初,菲律宾在中日钓鱼岛争端气氛高度紧张之际,将中菲南海争端提交国际仲裁。";"246";802
803;2013;"［21］为进一步消减能够引起南海地区局势紧张的不利因素,中国通过积极努力在2013年和东盟就全面有效落实《行为宣言》达成共识,希望在全面有效落实《行为宣言》进程中,大力推进中国和东盟国家间双边、多边的海上务实合作。";"250";803
804;2013;"2013年,中国和东盟在就南海问题的高官磋商进程中取得了实质性的进步,这集中体现在中国和东盟在全面有效落实《行为宣言》的框架下就“行为准则”展开平等磋商达成一致。";"251";804
805;2013;"对于东盟内部的深刻变化,澳大利亚国防大学亚洲国际问题知名学者卡莱尔・塞耶（CarlyleA.Thayer）评论时认为,2013年东盟内部多种因素及在相关事务上的动力源发生了显著的改变,具体来说包括四个方面：第一,文莱于2013年1月取代柬埔寨成为东盟新的轮值主席国；第二,来自越南的外交官黎良明（LeLuongMinh）成为东盟新一任秘书长；第三,泰国作为中国―东盟关系的协调国,希望继续将南海问题列入中国―东盟对话的非正式议题；第四,也是最重要的一点,柬埔寨不再是东盟轮值主席国,其对东盟在南海问题上“协商一致”和保持团结产生的“阻碍”（obstruction）作用随着文莱成为轮值主席国暂时终止了。";"252";805
806;2013;"［27］为尽量满足相关成员国的要求和增强内部凝聚力,东盟2013年在南海问题上政策与态度表现出显著的“协商一致”色彩和务实特点,而这两个特点也或将在未来中国―东盟就南海问题展开高官对话与磋商进程中得到延续。";"254";806
807;2013;"2013年,菲律宾不顾中国的反对,单方面将南海问题提交国际仲裁,即反映了他们在这一方向上的实际努力。";"270";807
808;2013;"2013年至今,菲律宾政府及领导人不断表明其推动中菲南海强制仲裁程序的决心。";"419";808
809;2013;"①2013年12月17日,国务卿克里到访菲律宾,决定向菲律宾安全部队提供4000万美元的新援助,以帮助菲律宾在南海争议日益紧张的背景下保护菲律宾“领海不受侵犯”。";"33";809
810;2013;"⑧2013年12月5日,中国航母“辽宁”号编队从青岛南下进行正常的训练,在南海海域遭到美海军巡洋舰“考彭斯”号的干扰,美舰竟然试图强闯进中国航母编队,后遭中国海军的船坞登陆舰逼停。";"570";810
811;2013;"2013年1月,在中国一再反对的情况下,菲将南海争端提交国际海洋法庭仲裁,但这一举动并未引起其他争议国的热烈响应,也未得到非争议国的支持,暴露出东盟内部的分歧在进一步加大。";"75";811
812;2013;"2013年1月,菲律宾将与中国在南海的争议提交国际海洋法法庭,明确要求法庭仲裁中国的南海断续线主张是否有违《联合国海洋法公约》(下文简称《公约》)。";"101";812
813;2013;"2013年1月,菲律宾发出外交照会和《关于西菲律宾海的通知与权力主张说明》,就南海争端依据1982年《公约》第287条和附件7向中国提起强制仲裁程序,“以求和平并永久地解决”双方的争端。";"111";813
814;2013;"2013年1月,菲律宾向国际海洋法法庭提交有关南海问题的仲裁,标志着法理化斗争已经成为各方博弈的焦点。";"114";814
815;2013;"2013年1月22日,菲律宾在中国反对的情况下,单方面将中菲南海争端提交国际仲裁程序,更是令中菲南海争端的解决复杂化、国际化。";"133";815
816;2013;"一直以来,中国主张并努力通过谈判协商等和平方式解决中菲南海争端,但菲律宾却逐渐认为其已经穷尽了所有政治与外交途径以争取和平协商解决南海争端,为了寻求持久的解决办法,2013年1月22日,菲律宾将中菲南海争端提交根据《公约》附件七设立的仲裁程序。";"134";816
817;2013;"2013年1月9日,东盟新任秘书长黎良明（LeLuongMinh）在交接仪式上发表的就职演讲中有关南海问题的讲话深刻地反映了东盟的这一心态。";"256";817
818;2013;"2013年1月,菲政府宣布正式向国际海洋法法庭提出诉讼,要求法庭对中国在南海的主张作出仲裁。";"279";818
819;2013;"2013年1月22日,菲律宾依据《联合国海洋法公约》第287条,向中国提交了就南海问题提起国际仲裁的照会及通知。";"291";819
820;2013;"2013年1月22日,菲律宾向中国提交了就南海问题提起国际仲裁的照会及通知。";"292";820
821;2013;"2013年1月22日,菲律宾选择单方把南海问题提交至附件七下的仲裁庭,法律基础是《公约》第287条第3款。";"293";821
822;2013;"2013年1月22日菲律宾单方面提起南海争端强制仲裁程序。";"301";822
823;2013;"①2013年1月22日,菲律宾向我国提交外交照会及《关于西菲律宾海的通知与权利主张说明》(NotificationandStatementofClaimonWestPhilippineSea),依据《公约》第287条和附件七针对中国南海问题提交的国际仲裁(以下简称“中菲南海强制仲裁”),2013年8月27日,仲裁庭通过了程序规则,并选定位于海牙的常设仲裁法院作为秘书处。";"415";823
824;2013;"在2013年4月下旬举行的东盟首脑峰会上,虽然设定的会议主题是地区一体化问题,但实际上南海问题占据了主要位置。";"69";824
825;2013;"2013年4月23日,菲律宾总统阿基诺三世（BenignoAquinoIII）在前往出席东盟第22届峰会前透过其发言人对外宣称,对文莱将南海问题置于优先关注的位置也充满信心。";"253";825
826;2013;"2013年5月29日,在曼谷举行的中国一东盟联合工作组会议上,指的中国和东盟就起草“南海地区行为准则”的程序性问题初步交换了意见；2013年9月,指的中国和东盟正式启动了该准则的磋商进程。";"74";826
827;2013;"2013年5月,美国国务院亚太事务代理助理国务卿约瑟夫?云（JosephYun）在战略与国际研究中心有关南海问题的会议上做主题发言,谈到了美国在这一问题上奉行的五项原则：（1）美国对相互竞争的领土主权要求不持立场。";"410";827
828;2013;"2013年5月,美国国务院亚太事务代理助理国务卿约瑟夫?云（JosephYun）在战略与国际研究中心有关南海问题的会议上做主题发言,谈到了美国在这一问题上奉行的五项原则：（1）美国对相互竞争的领土主权要求不持立场。";"506";828
829;2013;"③2013年6月,美国代理助理国务卿帮办约瑟夫・尹(JosephYun)在华盛顿智库战略与国际问题研究中心(CenterforStrategicandIn-ternationalStudies,CSIS)发表演讲,声称美国对南海争端的一个主要立场就是不承认历史依据对领土主张的效力。";"28";829
830;2013;"2013年6月5日,美国代理助理国务卿帮办约瑟夫・尹在华盛顿指出,美国对南海争议的主要立场之一就是支持东盟团结为一方,防止单独面对中国,抵制中国单方面改变现状。";"31";830
831;2013;"【摘要】本文基于框架分析和质化的内容分析法,以《海峡时报》和《雅加达邮报》2010年7月至2013年6月间关于南海争端的报道为研究对象,考查两份东盟英文报纸报道南海争端过程中的主导性框架、意见话语和对华态度,旨在探究东盟媒体建构中国国家形象的深层逻辑,并进一步提出中国的区域形象建构战略。";"78";831
832;2013;"本文以《海峡时报》和《雅加达邮报》2010年7月至2013年6月关于南海争端的报道为研究对象,通过框架分析质化的内容分析法,考查作为非南海主权申索国的新加坡和印尼,在中国崛起、美国“回归亚太”战略调整,以及中国―东盟“10+1”关系的宏观背景下,报道南海争端的主导性框架、话语和对华态度；深入考查这些框架和话语背后建构了何种意义的中国形象。";"80";832
833;2013;"2010年7月,平息了近十年之久的南海问题,因美国的介入上升成为地区安全的重要议程；2012年4月10日,菲律宾海军欲抓扣黄岩岛附近的中国渔民,与中国海监船制发生对峙,引发南海争端的再次升级――本研究选取2010年7月至2013年6月这个时间段,正是因为期间出现了上述两次导致南海问题升级的风险事件。";"81";833
834;2013;"2013年9月18日,美菲两国又在南海展开代号为“费比莱克斯14”(Phiblex14)的两栖登陆演习,此次演习地点距离黄岩岛只有135海里,双方共有2300名海军陆战队队员参加,旨在提升两军协同作战能力和战备,以应对所谓的“地区紧急状况”。";"35";834
835;2013;"尤其是在2013年9月,中国与东盟启动了关于《南海各方行为准则》的磋商进程,以及同年10月举行的东亚领导人系列峰会上,中国倡议与东盟签署睦邻友好合作条约,这些都充分体现了中国愿意通过法制化确保地区和平与稳定的良好意愿。";"122";835
836;2014;"2014年东盟在美国推动下发表外长声明,对南海紧张局势的加剧表示“严重关切”。";"715";836
837;2014;"在这方面,中华人民共和国政府在2014年12月7日发布《关于菲律宾共和国所提南海仲裁案管辖权问题的立场文件》,已经详细阐明了有关主张,说明菲律宾单方面提起南海仲裁案,是非法的。";"298";837
838;2014;"2014年12月7日,中国发布《中华人民共和国政府关于菲律宾共和国所提南海仲裁案管辖权问题的立场文件》(以下简称《立场文件》),重申不接受、不参与该仲裁的严正立场,并从法律角度全面阐述了仲裁庭没有管辖权的立场和理据,③但这并不足以阻止强制仲裁程序的进一步发展。";"416";838
839;2014;"2014年12月7日的《立场文件》系统表达了仲裁庭对菲律宾所提南海仲裁案明显没有管辖权,中国不接受、不参与该仲裁的立场和国际法依据。";"421";839
840;2014;"⑤2014年2月,负责亚太事务的助理国务卿丹尼尔・拉塞尔(DanielＲussel)在众议院外交委员会作证时也再次表示,对于各方针对南海岛礁的主权要求“美国不持立场”。";"9";840
841;2014;"2014年2月5日,助理国务卿拉塞尔在国会作证时对“九段线”公开发难,指责中国“不顾来自邻国的反对,既未对‘九段线’做出解释,其主权声索本身也缺乏明显的国际法基础,但却不断试图对‘九段线’内所涵盖的水域施加控制”,从而使得南海地区变得“不确定、不安全和不稳定”。";"29";841
842;2014;"2014年2月17日,国务卿克里访问印尼时再次非难中国对南海的“九段线”声索,并呼吁“以国际法为基础”解决领土主权争端。";"30";842
843;2014;"②2014年2月17日,国防部长哈格尔与商务部长彭妮・普利茨克(Pen-nyPritzker)联袂撰文,声称亚太地区由于历史仇恨和领土争端而引发局势紧张,增加不确定性,为此要求中国与地区内其他国家协同努力,在诸如海上和空中交通、太空、网络安全和南海行为准则等重要方面制定明确的“游戏规则”。";"49";843
844;2014;"2014年2月,菲律宾军方发言人突然宣布,菲军已把斯卡伯勒浅滩(即中国黄岩岛)置于西部军区管辖下,同时声称“当时机到来时”,菲军将对中国进行军事回应。";"276";844
845;2014;"最近的一次美国政府对美国在南海问题上的官方立场的重要表态是2014年2月5日美国亚太事务助理国务卿丹尼尔?拉塞尔（DanielRussell）在众议院有关东亚海洋争端的听证会上的证词。";"507";845
846;2014;"⑥2014年2月5日,美国助理国务卿丹尼尔・拉塞尔（DanielR.Russel）在国会众议院作证时再次强调:“美国在东亚和南海的航行和飞越自由,事关美国的国家利益”。";"714";846
847;2014;"例如2014年3月,菲律宾试图向其非法盘踞的仁爱礁运送建筑材料,因而遭到中国海警船只的驱离。";"20";847
848;2014;"例如2014年3月12日,印尼军方将领首次对南海紧张局势表达强硬立场,认为中国把隶属于印尼的纳土纳群岛(NatunaIslands)的一部分划入南海“九段线”范围内的做法影响到了“印尼的国家完整”。";"45";848
849;2014;"③2014年3月6日,美国太平洋司令部司令塞缪尔・洛克利尔(SamuelLocklear)在大西洋理事会(AtlanticCouncil)发表演说表示,如果中国认为南海“九段线”的宣示是正确的,就应将全案送交国际法庭,并提出有力的证据来加以证明。";"52";849
850;2014;"针对中菲在仁爱礁的对峙,2014年4月3日,助理国务卿拉塞尔却批评中国采取“单方面的恐吓措施”,并要求“提出领土要求的各方有义务断然停止恐吓、强制和其他非外交或超越法律的手段”。";"21";850
851;2014;"①2014年4月7日,印尼外长纳塔莱加瓦首次要求中国对新版护照中纳入南海“九段线”地图一事做出解释和澄清。";"46";851
852;2014;"⑥2014年5月13日,国务卿约翰・克里在与王毅外长通话时表示,在南海领土主权归属问题上,美国不持立场,不选边站,也无意进行评判。";"10";852
853;2014;"2014年5月2日,中国在西沙群岛附近海域部署981深海钻井平台,招致越南方面的恶意骚扰和无礼阻挠。";"22";853
854;2014;"2014年5月6日,美国国务院发言人珍・普萨基(JenPsaki)公开声称:“根据南中国海紧张局势的历史,中国方面将石油钻井平台搬到南海是挑衅性行为,不利于本地区的和平与稳定。";"23";854
855;2014;"⑥2014年5月16日,白宫发言人杰伊・卡尼(JayCarney)再次毫不隐讳地指责中国以“非和平方式”损及地区和平稳定:“我们认为此举(中国在西沙设立钻井平台)具有挑衅性,它破坏了我们共同的目标,即以和平方式解决这些争端和保持该地区的整体稳定。";"24";855
856;2014;"③2014年5月28日,奥巴马在西点军校对美国外交政策发表演说,重申“在亚太,我们支持东南亚国家就南海海上纠纷与中国通过谈判确立行为准则”。";"50";856
857;2014;"而在2014年5月10日举行的东盟首脑峰会上,与会各国外长更是前所未有地在共同声明中表达了对南海局势的关切,呼吁各方保持克制,和平解决争议,尽早完成《准则》的制定。";"178";857
858;2014;"2014年6月26日,美菲两国在距离黄岩岛只有137海里的苏比克湾附近海域启动为期一周的“战备与训练合作”海上联合军事演习,两国共有1500名军人、五艘军舰参加演习,演习科目包括海上联合作战、两栖登陆、海上巡逻和侦察飞行、战斗救援等,训练菲军能够“发现、拦截和消灭”敌方舰船,加强双方在“面对中国威胁时”的两栖作战、特种作战和信息共享的协作能力。";"36";858
859;2014;"③2014年6月26日,美国副总统约瑟夫・拜登在白宫与李显龙会面,会后双方发表的声明指出:“两位领导人讨论了对南海存在的一种破坏性行为模式的共同关切,并重申他们在国际法、自由航行,以及和平解决海洋和领土争端等议题上的共同利益。";"47";859
860;2014;"2014年7月11日,助理国务卿帮办迈克尔・富克斯(MichaelFuchs)在华盛顿发表演讲,指责中国“挑衅性的单方面行为”有违国际法,并提出“不再夺取岛礁与设立前哨站、不改变南海的地形地貌、不采取针对他国的单边行动”的三项具体建议,这是美国首次明确要求争议各方“冻结”在南海的行动,虽然貌似公允,但其矛头所指向的则是中国在南海展开的填海造岛行动。";"25";860
861;2015;"随着2015年东盟构建“共同体”日期的日趋临近,东盟对于增强内部凝聚力和透过中国―东盟对话关系渠道商讨南海问题及就“行为准则”展开磋商有着强烈的迫切感。";"255";861
862;2015;"2010年10月29日,中国与东盟领导人签署《执行东盟与中国和平与繁荣战略伙伴关系联合宣言行动计划(2011―2015年)》,该行动计划确认了中国与东盟双方将尊重国际法,并在协商与共识的基础上建立执行《南海各方行为宣言》指标体系及最终通过《南海地区行为准则》的努力方向。";"538";862
863;2015;"①2015年,东盟安全共同体即将建成,不论其实际意义和效果如何,马来西亚及其他东盟国家已进一步加强了地区意识,以便在南海问题上以“一个整体”应对中国。";"704";863
864;2015;"［内容提要］美国的“航行自由行动”从2015年以来已经成为加剧中美南海争端的最主要因素,从2015年10月至今,美国军舰在中国南海岛礁附近进行了四次“航行自由行动”。";"780";864
865;2015;"但从2015年上半年开始,“航行自由”成为美国南海政策中出现频率最高的关键词,政界和军界强硬派主张尽快在中国南沙岛礁附近进行“航行自由”宣示行动,关于是否以及何时何地展开行动的辩论持续有半年之久,其背景是中国在南沙岛礁展开大规模扩建工程,美国担心中国以这些岛礁为基地,大幅度提升在南海的军事投射能力。";"782";865
866;2015;"例如,美军方在渚碧礁巡航后虽然刻意保持沉默,美国国防部发布的2015美国“自由航行年度报告”表明,美国在2015年的“航行自由行动”不包括挑战中国控制的岛礁是否享有12海里领海。";"790";866
867;2015;"2015年10月27日,美国“拉森”号军舰又进入南沙群岛渚碧礁12海里航行,行使所谓的“航行自由权”。";"708";867
868;2015;"从2015年10月至今,美国军舰在中国实际控制的南海岛礁附近海域共进行了四次“航行自由行动”,前三次分别在南沙渚碧礁、西沙中建岛和南沙永暑礁的周边12海里内,第四次在西沙中建岛和永兴岛附近海域。";"783";868
869;2015;"美方宣称,2015年10月的“航行自由行动”是自2012年以来,美国军舰首次在南沙岛礁附近海域执行“航行自由行动”。";"784";869
870;2015;"2015年10月,美国军舰“拉森”号在渚碧礁周围海域进行第一次巡航之后,一些华盛顿重要智库,例如战略与国际研究中心(CSIS)和新美国安全中心(CNAS)等机构长期关注南海问题的研究人员认为美军成功地进行了“航行自由行动”,挑战了中国对渚碧礁附近海域“过分”的海洋权利主张,即渚碧礁作为低潮高地,不应享有12海里领海。";"786";870
871;2015;"2015年10月底,美军派“拉森”号导弹驱逐舰进入中国南海岛礁邻近12海里内实施“航行自由行动”(FONA)。";"802";871
872;2015;"2015年12月10日凌晨,美军一架B-52战略轰炸机“无意”飞进中国在南海的固有领土华阳礁上空2海里范围内。";"709";872
873;2015;"2015年12月,美军两架B－52轰炸机擅自进入中国南沙群岛有关岛礁邻近空域。";"803";873
874;2015;"2015年7月众议院外交事务委员会亚太小组委员会专门就“美国在南海的安全角色”举行听证会,艾立信在会上表示,“中国领导层显然对一定程度的摩擦和紧张并未感到不舒服”,在南海问题上美国也应当接受“适度的摩擦”(mod-eratefriction)和“竞争性共处”(competitivecoexistence);既然是大国关系,那么,在中国推进它的关键利益的时候,“我们需要行动起来保护我们自己的关键利益”。";"805";874
875;2015;"2015年7月,美国防部特意安排B－52轰炸机从美国本土路易斯安那州的基地起飞,在澳大利亚、菲律宾等国协助下执行“轰炸机保证和威慑”任务(BAAD),国防部匿名官员称,这是美国针对中国在南海地区日益增多的威胁性活动而释放的信号。";"806";875
876;2016;"2015年,在美国方面的支持下,菲律宾单方面提起并执意推动“南海仲裁”,国际海洋法法庭预计将在2016年年中做出仲裁裁决。";"807";876
877;2016;"2016年1月30日,美国“柯蒂斯威尔伯”号驱逐舰擅入属于西沙群岛的中建岛区域12海里,美国防部称此次行动旨在“挑战限制美国和其它国家航行自由和权利的过度的海洋主张”。";"710";877
878;2016;"③2016年1月31日澳大利亚《悉尼先驱晨报》也报道称,美国在闯中国中建岛邻近海域前,已向澳方通告了此事。";"717";878
879;2016;"2016年1月美军在中国控制的西沙中建岛附近进行了自由巡航。";"788";879
880;2016;"据2016年2月1日日本《产经新闻》报道,内阁官房长官菅义伟当天声言,“日本一直表明支持美军在南海的航行自由行动”。";"716";880
881;2016;"2016年2月,美国、日本和澳大利亚三国海军将首次在南海地区举行联合军事演习。";"804";881
882;2016;"2016年3月23日,中国台湾的国际法学会向仲裁庭递交“南海仲裁案法庭之友意见书”,提出了39项证据证明太平岛的岛屿性质。";"302";882
883;2016;"“法庭之友意见书”中指出太平岛上的土壤可以为百余人提供食物,在2016年3月23日,中国台湾领导人马英九说太平岛具有肥沃的土壤,富含有机肥料,有落叶、鸟粪在里面,能够种植和生产一定规模的蔬菜和水果。";"305";883
884;2016;"关于从2015年10月至2016年5月,美军在南海针对中国进行的三次“航行自由行动”,美国国内存在很大争论,①主要围绕三个问题展开,一是在渚碧礁附近海域进行的“航行自由行动”的性质和意图;二是如何定义和定位针对中国南沙岛礁的“航行自由行动”;三是美军为何至今不愿在南沙岛礁附近海域执行“正常通过”性质的“航行自由行动”,这种态度的动机是什么。";"785";884
885;2016;"编者按：2016年7月12日,在中方缺席的情况下,应菲律宾阿基诺政府单方请求建立的南海仲裁案仲裁庭(以下简称“仲裁庭”)就该案做出了实体问题的裁决。";"294";885
886;2016;"中国法学会也于2016年7月13日发表了《关于菲律宾共和国单方面提起的南海仲裁案的声明》,从法律层面有力地支持了我国政府的观点和立场。";"295";886
887;2016;"2016年7月21日,中国法学会联合中国国际法学会、中国海洋法学会共同举办了“南海仲裁案法律专家座谈会”,组织国内60余位知名海洋法、国际法专家学者,对南海仲裁案严重损害中国领土主权和海洋权益的所谓裁决做进一步法律评析。";"296";887
888;2016;"2016年7月12日南海争端临时仲裁庭就菲律宾指控中国的多项涉及《公约》的解释案,做出了裁决。";"310";888
889;2020;"越南2007年通过了“至2020年越南海洋战略”,“海洋强国、依海富国”被明确定为这一战略的总目标,而随后不久制定的决议章程则强调指出,到2020年越南海洋和海湾经济发展要占据全国GDP的53%―55%。";"85";889
890;2030;"2010年3月,越南对中国《国务院关于推进海南国际旅游岛建设发展的若干意见》提出抗议,并表示将于2030年前在南沙新建13个渔港,在西沙建立5个渔港。";"542";890
